definition,category,category_zh,age.75,age.50,age.25,age_rng,age.75.m,age.50.m,age.25.m,D
爸爸/爹地,people,人物,13.98470588235294,12.630484988452656,10.065289256198348,8|36,15.106563333333334,12.45194575,9.797330283333332,0.414848515
媽媽/媽咪,people,人物,15.228987068965518,12.764705882352942,10.074952561669829,8|36,15.117078083333332,12.524489416666666,9.931900983333334,0.4246735683333333
姊姊,people,人物,19.5,16.626149540183928,13.58695652173913,8|36,21.204517666666668,17.4430445,13.68157025,0.292492695
奶奶,people,人物,19.833333333333332,16.776785714285715,13.3110599078341,8|36,22.05197275,17.663626583333333,13.275279666666666,0.25073921666666665
再見(byebye),games_routines,遊戲/日常生活,17.835227272727273,13.40909090909091,11.357723577235772,8|36,17.502577416666668,14.250054833333333,10.997531341666667,0.3383999125
謝謝,games_routines,遊戲/日常生活,19.166666666666668,15.923244026068067,13.056016597510371,8|36,19.255565666666666,16.347509583333334,13.4394515,0.37839188083333336
抱(抱),action_words,動作詞,18.166666666666668,13.820441988950275,10.669491525423728,8|36,17.935519416666665,14.432395666666666,10.929274166666668,0.3141678858333333
不要,action_words,動作詞,20,17.419999999999998,12.280575539568346,8|36,20.25859175,16.74284175,13.227089416666667,0.3129648525
吃,action_words,動作詞,21,17.71707317073171,12.375,8|36,21.24239425,16.9676455,12.692897916666666,0.25737636416666665
是/對/好,action_words,動作詞,18.941176470588236,16.680081065431384,13.935643564356436,8|36,21.4062155,17.90164791666667,14.397076916666666,0.31395764416666666
牛奶(ㄋㄟㄋㄟ),food_drink,食物/飲料,16.650045745654165,13.460975609756098,11.655021834061134,8|36,17.373031666666666,14.122283166666667,10.871536166666667,0.33856664166666667
水(茶茶),food_drink,食物/飲料,19,16.397714285714287,13.675,8|36,19.711621333333333,16.715284583333332,13.718948333333334,0.36732483666666665
小狗(汪汪),animals,動物,18.076923076923077,15.793774319066149,13.369402985074627,8|36,18.4941525,15.978997916666666,13.463843416666666,0.43761585333333336
汽車(車車、ㄅㄨㄅㄨ),vehicles,交通工具,18.53846153846154,16.495608829812486,14.461105424769704,8|36,19.307400666666666,16.915157666666666,14.52291275,0.4600355941666667
球,toys,玩具,18.857142857142858,16.62087421944692,13.921686746987952,8|36,19.8444285,17.050543666666666,14.256659583333333,0.3938303558333333
鞋子,clothing,衣物,19.285714285714285,16.663109756097562,14.502790178571429,8|36,19.79128475,17.309033666666668,14.826781583333334,0.443277895
哥哥,people,人物,19,17.056910569105693,13.710526315789474,8|36,21.79716675,18.040778166666666,14.284389333333333,0.29288135833333334
阿姨(姨媽),people,人物,20.511627906976745,17.910216718266255,15.615942028985508,8|36,22.543762666666666,18.780797583333335,15.017836583333333,0.292361965
爺爺,people,人物,21,18.166666666666668,13.765463917525771,8|36,23.80609175,19.030857583333333,14.25562025,0.23035382583333333
妹妹,people,人物,22.25925925925926,18,16.18684107770402,8|36,24.123488833333333,20.063689583333332,16.003891333333332,0.2709793425
自己的名字,people,人物,22.625,19.5,17.265822784810126,8|36,24.232505083333333,20.352657166666667,16.472810583333334,0.2835331675
小寶寶(小貝比),people,人物,23.383963494132985,18.642857142857142,16.178383128295255,8|36,25.781176333333335,20.827054166666667,15.872931166666667,0.2220742225
弟弟,people,人物,22.769881556683583,18.6,16.377242822966508,8|36,25.419812666666665,20.919526833333332,16.419238,0.24444463666666666
舅舅,people,人物,25.199846860643184,19.5,16.416752977731747,8|36,26.607411666666668,21.702181916666667,16.79695075,0.22428866666666666
叔叔,people,人物,25.404024767801857,20.230366492146597,16.730410447761194,8|36,26.387571833333332,21.832197583333333,17.2768215,0.24146336333333332
姑姑,people,人物,25.825949367088608,18.933333333333337,16.38046647230321,8|36,27.224571166666667,22.075715583333334,16.9268595,0.21362149416666668
伯伯,people,人物,27.352112676056336,19.714285714285715,16.733734939759035,8|36,28.160179583333335,22.957931,17.755684833333333,0.21147664666666666
外婆,people,人物,29.74015748031496,20.411214953271028,16.169921875,8|36,29.620447416666668,23.08913658333333,16.557825833333332,0.16848293833333333
我,people,人物,27.520833333333332,23.316914498141266,19.333333333333332,8|36,26.94087925,23.495285,20.049690083333335,0.3192437141666667
家人的名字,people,人物,27.520833333333332,22.665399239543728,18.714285714285715,8|36,27.515296083333332,23.730248666666668,19.945203916666667,0.2906507366666667
吃飯,games_routines,遊戲/日常生活,22.801526717557252,19.5,13.935643564356436,8|36,23.047493,19.4681855,15.88887925,0.3073688866666667
拍拍手,games_routines,遊戲/日常生活,25.17103538663172,18.94736842105263,12,8|36,25.384637333333334,19.720480583333334,14.05632225,0.19424096583333333
睡覺,games_routines,遊戲/日常生活,22.702005730659025,18.727272727272727,16.347358722358724,8|36,23.286449916666665,19.77939525,16.272340083333333,0.31363994
洗澡,games_routines,遊戲/日常生活,24,19,17.153284671532848,8|36,23.990887333333333,20.500972583333333,17.011059166666666,0.3152458691666667
上廁所(尿尿、便便),games_routines,遊戲/日常生活,24.45294117647059,19.5,16.90934300341297,8|36,24.012223416666668,20.702553833333333,17.39288175,0.33235915833333335
哈囉(嗨),games_routines,遊戲/日常生活,27.42016806722689,18.727272727272727,13.834545454545454,8|36,26.93913475,21.056911666666668,15.174691833333334,0.187036435
刷牙,games_routines,遊戲/日常生活,24.32608695652174,21.23762376237624,18.125,8|36,24.611169333333333,21.43703025,18.262890833333334,0.34662292333333333
晚安,games_routines,遊戲/日常生活,25.90924092409241,21,16.84785202863962,8|36,26.121245833333333,22.08306625,18.044882416666667,0.27241014
換尿布,games_routines,遊戲/日常生活,27,21.897196261682243,18.105263157894736,8|36,26.89601516666667,22.333836,17.771657583333333,0.24115071166666666
跳舞,games_routines,遊戲/日常生活,27.40453074433657,22.34246575342466,18.529411764705884,8|36,27.404731416666667,22.658016333333332,17.911298333333335,0.23174115083333333
看電視,games_routines,遊戲/日常生活,27.200534759358288,22.508885298869146,18.77777777777778,8|36,26.333521166666667,22.800187916666665,19.266850916666666,0.3113282975
打電話,games_routines,遊戲/日常生活,27.928792569659443,22.535168195718654,13.762458471760798,8|36,27.67070208333333,22.819883416666666,17.969064583333335,0.2267770625
噓/噓噓(安靜),games_routines,遊戲/日常生活,27.6198347107438,18.90909090909091,16.630434782608695,8|36,28.046409166666667,22.860979166666667,17.67554833333333,0.2121695975
唱歌,games_routines,遊戲/日常生活,27.566037735849054,22.533980582524272,19,8|36,27.227572916666666,23.038298,18.84902183333333,0.2625960375
讀書(看書),games_routines,遊戲/日常生活,27.3257328990228,21.876404494382022,18.5,8|36,27.378219833333333,23.187756416666666,18.997293,0.2625306591666667
對不起,games_routines,遊戲/日常生活,27.59171597633136,22.660377358490567,18.90909090909091,8|36,27.5157415,23.769968666666667,20.024194583333333,0.293712255
要,action_words,動作詞,22.299145299145295,18.083333333333332,13.545955882352942,8|36,22.511407333333334,18.542059666666667,14.572713166666666,0.27712633416666665
走/散步,action_words,動作詞,23.12109375,18.272727272727273,14.3955223880597,8|36,22.468923416666666,18.79411175,15.119300416666666,0.2993853066666667
拍(手),action_words,動作詞,23.742173112338858,20.511627906976745,10.88502358490566,8|36,24.760248166666667,19.265956,13.771662666666666,0.20028268583333333
打,action_words,動作詞,24.43193717277487,18.727272727272727,14.52745367192862,8|36,24.133975333333332,19.57556183333333,15.017151666666667,0.24132972583333334
坐,action_words,動作詞,23.089595375722546,19,16.680081065431384,8|36,23.425602916666666,19.899365333333332,16.3731305,0.311952415
喝,action_words,動作詞,23.68888888888889,20.83969465648855,18.09090909090909,8|36,24.272285166666666,20.694600583333333,17.116916416666665,0.307452865
洗,action_words,動作詞,23.72093023255814,20.29530201342282,18.22222222222222,8|36,24.203976583333333,20.975579,17.747179666666668,0.34077037666666665
打開,action_words,動作詞,24.63953488372093,20.567010309278352,18,8|36,24.91671075,21.085727666666667,17.254744666666667,0.28712969416666667
哭,action_words,動作詞,24.63953488372093,21.857142857142858,18.27777777777778,8|36,25.28937133333333,21.19681725,17.104261666666666,0.26878222416666664
親,action_words,動作詞,26.20909090909091,22.12727272727273,14.765895953757228,8|36,26.17739733333333,21.3433905,16.50938575,0.22755872916666667
來,action_words,動作詞,25.811089303238468,22.09433962264151,14.6625,8|36,26.574901833333332,21.45368175,16.33246075,0.21479477583333334
拿,action_words,動作詞,26.042201834862382,21,13.889024390243902,8|36,26.106244083333333,21.754676416666666,17.403109166666667,0.2527938458333333
丟,action_words,動作詞,25.725,22.159817351598175,18.2,8|36,26.241485166666667,21.972306416666665,17.70312925,0.25767472333333336
看,action_words,動作詞,25.467741935483872,22.165876777251185,18.615384615384617,8|36,26.172910083333335,22.309256833333333,18.445600333333335,0.2847587733333333
穿,action_words,動作詞,25.24033149171271,22.238095238095237,18.75,8|36,26.31371625,22.635087416666668,18.956455583333334,0.29904694666666665
玩,action_words,動作詞,25.709692898272554,22.686274509803923,19.636363636363637,8|36,26.271418,22.7454065,19.21939375,0.3119905975
不是/不對/不好,action_words,動作詞,27.178571428571427,23.089595375722546,18.727272727272727,8|36,27.402967666666665,23.060333416666666,18.717695583333334,0.25330591583333334
跳,action_words,動作詞,27,23.11992263056093,18.727272727272727,8|36,26.871027166666668,23.140969916666666,19.410910166666667,0.29492268666666666
好了,action_words,動作詞,25.825949367088608,22.686274509803923,18.727272727272727,8|36,26.778708916666666,23.174475416666667,19.570241166666666,0.3052612975
不可以/不行,action_words,動作詞,27.449101796407184,22.97222222222222,19.25,8|36,27.474626916666665,23.202896666666668,18.931167416666668,0.25750858583333336
跌倒,action_words,動作詞,26.70408163265306,22.652173913043477,20.1042654028436,8|36,26.821497,23.306957,19.792414,0.3129769958333333
去,action_words,動作詞,27.475285171102666,22.75757575757576,18.333333333333332,8|36,27.9067765,23.441124333333335,18.975470666666666,0.2463314175
牽(手),action_words,動作詞,27.26595744680851,23.7265625,14.917515274949084,8|36,28.050079333333333,23.65772975,19.265380083333334,0.25047209583333335
跑,action_words,動作詞,27.482315112540192,23.405228758169933,19,8|36,27.280998333333333,23.690502,20.10000825,0.3063450583333333
脫,action_words,動作詞,27.24590163934426,22.304347826086957,18.75,8|36,27.7758415,23.706067166666667,19.636293333333334,0.27030592166666667
關,action_words,動作詞,27.134408602150536,23.407894736842103,18.923076923076923,8|36,27.819739583333334,23.832583083333333,19.8454255,0.27591527666666665
吹,action_words,動作詞,27.705128205128204,23.261603375527425,18.666666666666668,8|36,28.14789725,23.939220666666667,19.730542416666665,0.26139922833333334
飯,food_drink,食物/飲料,21.521739130434785,18.333333333333332,16.48497333979641,8|36,22.293522083333333,19.308189666666667,16.322860416666668,0.368559145
麵,food_drink,食物/飲料,22.77287066246057,18.666666666666668,16.591346153846153,8|36,22.84774775,19.828054666666667,16.808358,0.36431543083333334
餅乾,food_drink,食物/飲料,23.265163297045103,20.1042654028436,17.194444444444443,8|36,23.7269285,20.3476425,16.968356666666665,0.3255131275
麵包,food_drink,食物/飲料,23.67391304347826,20.70212765957447,17.360294117647058,8|36,24.685955083333333,21.258385333333333,17.830811166666667,0.32095202166666664
香蕉,food_drink,食物/飲料,25.064349112426036,20.23913043478261,17.480597014925372,8|36,24.872073583333332,21.296815583333334,17.721556333333332,0.30767992083333334
蛋,food_drink,食物/飲料,23.77248104008667,20.862745098039216,17.604545454545455,8|36,24.629261583333335,21.452574,18.27588675,0.34627894416666666
蘋果,food_drink,食物/飲料,23.86390149060272,21.214285714285715,17.34090909090909,8|36,24.930641833333333,21.51388575,18.097131,0.3219433783333333
糖果,food_drink,食物/飲料,24.586666666666662,20.94369973190349,18.875,8|36,25.417114583333333,22.131620833333333,18.84612975,0.3348335908333333
湯,food_drink,食物/飲料,25.29391891891892,22.207920792079207,17.46951219512195,8|36,26.09462775,22.468553083333333,18.84247866666667,0.30334300583333335
肉,food_drink,食物/飲料,24.914127423822716,21.685714285714287,18.2,8|36,26.005906083333333,22.554285916666668,19.102661583333333,0.318740605
布丁,food_drink,食物/飲料,26.20909090909091,21.845070422535212,18.142857142857142,8|36,25.910371083333334,22.564182416666668,19.217995083333335,0.328779475
養樂多,food_drink,食物/飲料,25.641927083333332,20.949640287769785,19.25,8|36,26.29781225,22.919425333333333,19.541037666666668,0.3255882
蛋糕,food_drink,食物/飲料,25.887755102040817,22.45691906005222,19.444444444444443,8|36,26.544288583333334,23.204728916666667,19.86517,0.3293968291666667
葡萄,food_drink,食物/飲料,26.372972972972978,22.39149888143177,18.25,8|36,27.062829166666667,23.33559058333333,19.608352666666665,0.29511594
草莓,food_drink,食物/飲料,27.42016806722689,22,18.666666666666668,8|36,27.072182666666667,23.377135833333334,19.682086333333334,0.29765405916666665
玉米,food_drink,食物/飲料,26.69203539823009,22.84,19.666666666666668,8|36,27.03120175,23.73842625,20.445654,0.3340589683333333
魚,animals,動物,20.1042654028436,16.972843450479232,15.710909090909093,8|36,20.79787575,18.085933833333332,15.373994666666666,0.405661795
小貓(喵喵),animals,動物,19,17.05090909090909,15.413716814159292,8|36,21.286271416666665,18.174237333333334,15.062205583333334,0.35349353333333333
小鳥,animals,動物,22.34426229508197,18.2,16.47722739361702,8|36,22.70855225,19.6059945,16.50343675,0.3545926308333333
雞(咕咕咕),animals,動物,25.38232421875,20.258823529411764,16.619135477069058,8|36,24.786793666666668,20.923996583333334,17.061200333333332,0.28475789166666665
鴨子(呱呱),animals,動物,23.404424276800903,19.727272727272727,16.6231241473397,8|36,25.923146083333332,21.291452416666665,16.659759833333332,0.23752644833333333
小熊(泰迪熊),animals,動物,23.351184346035016,20.511627906976745,16.763484589041095,8|36,25.792313833333335,21.464310583333333,17.136307916666667,0.2541561741666667
豬,animals,動物,25.612676056338028,20.626334519572953,16.978749999999998,8|36,26.378206,22.283265916666668,18.188328416666668,0.2686217891666667
大象,animals,動物,26.569306930693067,22.492957746478872,18.166666666666668,8|36,26.430611833333334,22.737698583333334,19.044785083333334,0.29789058416666664
馬,animals,動物,27,21.845070422535212,17.194444444444443,8|36,27.232835416666667,22.88191475,18.530991666666665,0.25280567083333333
兔子,animals,動物,26.543307086614178,22.322283609576427,18.5,8|36,26.85169975,22.939208416666666,19.02672075,0.2811693058333333
牛(哞),animals,動物,27.554016620498615,21.76595744680851,16.823407202216067,8|36,27.664827333333335,23.072317083333335,18.479808333333335,0.23957269
小羊(咩咩),animals,動物,27.458115183246072,21.8135593220339,17.296969696969697,8|36,27.758520333333333,23.075222416666666,18.391924166666666,0.23490229166666668
蝴蝶,animals,動物,27,22.148936170212767,18.571428571428573,8|36,26.88080233333333,23.093971166666666,19.307140666666665,0.29051206416666664
蟲蟲,animals,動物,27.26595744680851,21.79245283018868,18.3,8|36,27.308385083333334,23.233898166666666,19.159406666666666,0.2699906166666667
花,outside,戶外,20.61111111111111,17.419999999999998,16.036523929471034,8|36,21.891011,18.868985333333335,15.846958666666668,0.36400498
下雨,outside,戶外,23.58374628344896,19.833333333333332,17.34090909090909,8|36,24.01337675,21.031960916666666,18.050547083333335,0.3689529108333333
溜滑梯,outside,戶外,23.72093023255814,21.45,19.133333333333333,8|36,24.962971583333335,21.8404665,18.717963666666666,0.35232911083333335
樹,outside,戶外,27.23696682464455,23.035591274397245,18.307692307692307,8|36,26.800944833333332,23.16863775,19.536326833333334,0.3029057475
雨傘,outside,戶外,27,22.867768595041323,19.375,8|36,26.9512275,23.532926333333332,20.11462441666667,0.321767165
飛機,vehicles,交通工具,22.91304347826087,19.875,16.77435977514054,8|36,23.975306166666666,20.918602333333332,17.861897083333332,0.35987164083333334
火車,vehicles,交通工具,25.651497695852537,22.408560311284045,20.20754716981132,8|36,26.610625583333334,23.193297583333333,19.7759725,0.32194255916666664
機車(摩托車),vehicles,交通工具,27.449101796407184,23.1504854368932,18.6,8|36,26.951800666666667,23.204432416666666,19.457061083333333,0.2936277625
腳踏車,vehicles,交通工具,27.42016806722689,22.904572564612327,21.16551724137931,8|36,27.385608916666666,23.98931675,20.59302525,0.3239302425
書,toys,玩具,23.852008456659615,20.34375,16.823407202216067,8|36,24.33879725,20.841707666666668,17.34461891666667,0.3145760675
筆,toys,玩具,23.265163297045103,19,17.107692307692307,8|36,24.07199275,20.90235625,17.73271625,0.3470824
氣球,toys,玩具,24.84183673469388,20.904109589041095,16.912587412587413,8|36,25.60246475,21.825116833333333,18.047770416666665,0.29120603166666664
玩具,toys,玩具,25.29083094555874,22.225806451612904,18.75,8|36,26.076700583333334,22.686518083333333,19.296337333333334,0.32449172083333333
泡泡,toys,玩具,26.735159817351597,22,17.649193548387096,8|36,27.642221083333332,23.385119833333334,19.12801875,0.25837951583333335
娃娃(洋娃娃),toys,玩具,27.57603686635945,22,16.972843450479232,8|36,28.766454083333333,23.44934525,18.132242916666666,0.20693358833333333
尿布,clothing,衣物,20.647058823529413,17.804054054054053,15.555037313432836,8|36,21.974026416666668,18.55376125,15.133498916666667,0.321670885
襪子,clothing,衣物,23.059500959692897,19.2,16.651134717527764,8|36,23.464865583333335,20.243193583333333,17.021521166666666,0.34149202083333335
褲子,clothing,衣物,22.86337760910816,18.785714285714285,16.852941176470587,8|36,23.198156833333332,20.255981833333333,17.313807583333332,0.3738810808333333
帽子,clothing,衣物,23.464456487089578,19.25,17.067524115755628,8|36,23.844163833333333,20.522660083333335,17.201155666666665,0.3311824466666667
手,body_parts,身體部位,20.70212765957447,17.771653543307085,14.84502551020408,8|36,21.1314385,18.266164416666665,15.400892083333334,0.3840945491666667
眼睛,body_parts,身體部位,21.384,18.363636363636363,16.542814113597245,8|36,22.08887375,19.31041875,16.531963916666665,0.3959418775
嘴巴,body_parts,身體部位,21.685714285714287,18.636363636363637,16.52503352704515,8|36,22.575364083333334,19.410216083333335,16.24507075,0.34757026166666666
腳,body_parts,身體部位,21.266666666666666,18.444444444444443,16.448051948051948,8|36,22.435902083333332,19.423213333333333,16.410524,0.3651139133333333
耳朵,body_parts,身體部位,22.209580838323355,18.625,16.72208249496982,8|36,23.02199975,19.864817833333333,16.7076345,0.34842071583333334
鼻子,body_parts,身體部位,22.25925925925926,18.88235294117647,17.219730941704036,8|36,23.30163883333333,20.204623416666667,17.107607083333335,0.3553277933333333
頭,body_parts,身體部位,22.729166666666668,20.16,16.90934300341297,8|36,23.647035,20.439257166666668,17.231479833333335,0.34292461333333335
屁股,body_parts,身體部位,22.875,18.869565217391305,17.72641509433962,8|36,23.854235916666667,20.86712875,17.880021833333334,0.3682853858333333
頭髮,body_parts,身體部位,23.1812865497076,21.295566502463053,18,8|36,24.132518666666666,21.146201,18.15988533333333,0.36839838333333336
肚子,body_parts,身體部位,22.98811292719168,21.466019417475728,17.34090909090909,8|36,24.58595975,21.211383583333333,17.836807083333333,0.3259752258333333
胸部(ㄋㄟㄋㄟ),body_parts,身體部位,25.428336980306344,18.727272727272727,16.288534428300697,8|36,26.225643666666667,21.3258395,16.426039416666665,0.22450643166666667
牙齒,body_parts,身體部位,25.578220858895705,22.092348284960423,18.076923076923077,8|36,25.252890583333333,22.064572333333334,18.87625725,0.345028355
臉,body_parts,身體部位,27.134408602150536,21.666666666666668,18.428571428571427,8|36,26.845269916666666,23.0903955,19.3355215,0.2930043
椅子,furniture_rooms,家具/房間,22.82938388625593,20,17.227810650887573,8|36,23.827556166666668,20.713588583333333,17.599625583333335,0.3532709408333333
門,furniture_rooms,家具/房間,23.265163297045103,21.098360655737704,16.978749999999998,8|36,24.312327916666668,21.055728333333334,17.799131083333332,0.3378650225
床,furniture_rooms,家具/房間,27.554016620498615,22.853658536585368,19,8|36,27.25341175,23.57489475,19.896378416666668,0.2990131475
桌子,furniture_rooms,家具/房間,27.394736842105264,22.737704918032787,19,8|36,27.136388166666666,23.65329983333333,20.170209833333335,0.3158206316666667
電話,household,家庭用品,22.17241379310345,18.636363636363637,13.861702127659576,8|36,22.435398333333332,19.06945075,15.703503166666666,0.326828995
電視,household,家庭用品,23.50819672131148,21.437956204379564,18.235294117647054,8|36,24.1628505,21.158831666666668,18.154814833333333,0.3662103175
藥,household,家庭用品,23.53090096798213,20,17.69633507853403,8|36,24.380987833333332,21.191674416666668,18.002360416666665,0.344967595
杯子,household,家庭用品,23.7265625,21,17.57037037037037,8|36,24.576984,21.34507,18.113152416666665,0.3403664158333333
牙刷,household,家庭用品,24.261904761904763,21.52173913043478,18.083333333333332,8|36,24.832038416666666,21.701332,18.570621916666667,0.3513634783333333
湯匙,household,家庭用品,24.84183673469388,22,18.529411764705884,8|36,25.195918083333332,22.144490083333334,19.093061833333334,0.360506705
錢,household,家庭用品,24.63953488372093,21,18.75,8|36,25.464446916666667,22.252312833333335,19.040179083333335,0.3424886466666667
碗,household,家庭用品,25.670376712328768,22.09433962264151,18.6875,8|36,26.298920333333335,23.05097975,19.803035916666666,0.33876993666666666
眼鏡,household,家庭用品,27.376506024096383,22.629820051413883,18.454545454545453,8|36,26.847541083333333,23.088234416666666,19.328930333333332,0.29263692166666666
鑰匙,household,家庭用品,25.683246073298427,21.923076923076923,18.764705882352946,8|36,26.719408166666668,23.103540666666667,19.487674916666666,0.3042638625
吸管,household,家庭用品,26.70408163265306,22.627240143369175,19.75,8|36,26.369380666666668,23.265043833333333,20.160706166666667,0.3543194358333333
毯子(被子),household,家庭用品,27.59171597633136,22.454545454545453,18.4,8|36,27.67483025,23.40045883333333,19.126088,0.2573490233333333
手機,household,家庭用品,27.482315112540192,22.77777777777778,18.7,8|36,27.245601,23.712408416666666,20.17921533333333,0.31134748916666666
衛生紙(面紙),household,家庭用品,27.19455252918288,23.275147928994084,18.933333333333337,8|36,26.896951916666666,23.830928,20.7649045,0.3588169275
好痛/痛痛的,descriptive_words,描述詞,23.44809461235217,19.666666666666668,16.794150521609538,8|36,23.684553666666666,20.44247775,17.200401666666668,0.3393363208333333
好燙/燙燙的,descriptive_words,描述詞,22.98130841121495,19.363636363636363,16.466309341500764,8|36,24.590790833333333,20.710446166666667,16.830098833333334,0.2834925775
好臭/臭臭的,descriptive_words,描述詞,25.29391891891892,18.894736842105264,16.893537074148295,8|36,25.134904,21.351624583333333,17.56834725,0.29078504083333334
好棒,descriptive_words,描述詞,24.825515947467167,21.3265306122449,17.678670360110804,8|36,26.161835416666666,21.54894925,16.936061583333334,0.2384532
濕濕的,descriptive_words,描述詞,27,21.73170731707317,18.875,8|36,26.072835416666667,22.983325333333333,19.893814333333335,0.35611265166666667
好熱/熱熱的,descriptive_words,描述詞,27.566037735849054,22.614035087719294,18.571428571428573,8|36,27.248689083333332,23.25089983333333,19.25311275,0.2751573841666667
害怕的(好恐怖),descriptive_words,描述詞,27.915750915750916,21.63157894736842,16.83653846153846,8|36,28.190196916666668,23.305321333333332,18.420442666666666,0.225237875
暗暗的,descriptive_words,描述詞,27.59171597633136,22.60229445506692,18.61904761904762,8|36,27.626298916666666,23.83328575,20.0402765,0.29004114833333333
這個,quantifiers,數量詞,25.632267441860463,21.17910447761194,18.125,8|36,26.653798833333333,22.267588416666666,17.881378333333334,0.25076416583333333
一個(二、三個…),quantifiers,數量詞,27.437062937062937,21.65625,18.473684210526315,8|36,27.155353,23.263128166666668,19.3709015,0.2826785875
走開,locations,位置,25.85294117647059,22.36842105263158,18.833333333333332,8|36,26.840777916666667,23.143559166666666,19.4463405,0.29754645749999997
在這裡,locations,位置,25.732063773250665,22,18.615384615384617,8|36,27.606140166666666,23.395599333333333,19.185055666666667,0.2612819975
過來,locations,位置,28.089068825910932,22.916230366492147,18.58823529411765,8|36,28.200032333333333,23.406212333333333,18.61239425,0.22946458916666668
我的,people,人物,27.482315112540192,23.452554744525543,21.16551724137931,8|36,27.318260666666667,24.1185285,20.918793416666666,0.3438036425
外公,people,人物,33.32785888077859,22,16.630434782608695,8|36,31.1190315,24.75241225,18.385796666666668,0.17284774416666668
你,people,人物,28.35897435897436,24.164670658682635,21.73170731707317,8|36,28.5839495,24.999874583333334,21.415802916666667,0.30700314166666665
醫生,people,人物,28.397590361445783,25.55163043478261,21.76595744680851,8|36,29.132819,25.77229125,22.41176625,0.3274054775
小朋友,people,人物,29.681159420289855,25.716786817713697,22.091383812010445,8|36,29.612424916666665,25.9208795,22.22933391666667,0.2981237841666667
**人的,people,人物,30.438247011952193,24.69756097560976,21.098360655737704,8|36,30.575699583333332,26.356348333333333,22.1369985,0.2607658033333333
你的,people,人物,29.810344827586206,25.22336328626444,22.535168195718654,8|36,29.9613125,26.441940916666667,22.922565333333335,0.3126553516666667
警察,people,人物,32.121428571428574,27.31172069825437,22.853658536585368,8|36,30.957806583333333,27.4659005,23.973997666666666,0.3151705691666667
老師,people,人物,32.7170245398773,27.26595744680851,22.813953488372093,8|36,31.7629805,27.987626666666667,24.212271583333333,0.29144413583333334
寵物的名字,people,人物,34.846,26.744117647058825,21.31858407079646,8|36,34.44618625,28.198125666666666,21.95006675,0.17613234666666666
舅媽,people,人物,40,28,21.52173913043478,8|36,35.031909166666665,29.51402075,23.99613325,0.19945641166666667
他,people,人物,34.65048882681564,28.46808510638298,25.41489361702128,8|36,33.46389408333334,29.69151816666667,25.91913725,0.29172663
我們,people,人物,32.77554744525548,28.778761061946906,25.945652173913043,8|36,33.11840616666667,29.711381583333335,26.30435325,0.3230447616666667
男生,people,人物,32.97945891783567,29.379032258064516,25.50581395348837,8|36,33.4297255,29.858349166666667,26.28697366666667,0.30820128416666664
他的,people,人物,34.85031104199067,29,25.522696929238982,8|36,33.680506083333334,29.911289666666665,26.142069916666667,0.2919998875
女生,people,人物,34.405,29.379032258064516,25.547434656340755,8|36,33.57933225,29.946084416666668,26.31283725,0.3029707566666667
轉圈圈,games_routines,遊戲/日常生活,28,24.12008733624454,21.246575342465754,8|36,28.720157416666666,25.173435666666666,21.62671375,0.31012531083333333
開車,games_routines,遊戲/日常生活,32.33048211508554,26.42536327608983,18.916666666666668,8|36,31.263213083333333,26.079957583333332,20.896701916666668,0.21227543916666666
逛街/買東西,games_routines,遊戲/日常生活,30.53921568627451,25.786821705426355,21.39560439560439,8|36,30.363777333333335,26.254357583333334,22.144938333333332,0.2677351175
聽音樂,games_routines,遊戲/日常生活,31,26.149837133550488,21.867469879518072,8|36,30.897510666666665,26.799277333333333,22.7010445,0.26854049333333335
玩遊戲,games_routines,遊戲/日常生活,30.720238095238095,27,22.853658536585368,8|36,31.6604595,27.316317666666666,22.97217475,0.2532532791666667
躲貓貓,games_routines,遊戲/日常生活,32.97945891783567,25.95679497250589,22.36842105263158,8|36,34.83505625,27.772052,20.70904325,0.15580729166666665
堆積木,games_routines,遊戲/日常生活,32.705199115044245,27.303030303030305,22.614035087719294,8|36,32.380953166666664,28.251769916666667,24.12258525,0.26647633833333334
請,games_routines,遊戲/日常生活,34.65048882681564,28.497487437185928,23.80138713745271,8|36,33.745094,29.470539916666667,25.195984,0.25745629166666667
游泳,games_routines,遊戲/日常生活,34.689516129032256,27.684931506849313,23.86111111111111,8|36,34.095405166666666,29.707675,25.319943,0.2508319608333333
給,action_words,動作詞,28.111675126903553,23.76457399103139,19.5,8|36,28.299573333333335,24.089277166666665,19.878982,0.2613103025
擦,action_words,動作詞,27.59171597633136,23.71900089206066,18.785714285714285,8|36,28.24410025,24.15469525,20.065287916666666,0.26905526583333333
畫畫,action_words,動作詞,27.76530612244898,23.314720812182745,20.44,8|36,28.849095583333334,24.76274675,20.67639691666667,0.26922406416666667
笑,action_words,動作詞,28.725274725274726,25.421988682295876,22.061295971978986,8|36,29.87135975,24.841627,19.811891916666667,0.21871912083333334
快點/快一點,action_words,動作詞,27.475285171102666,25,21.401673640167363,8|36,28.531637583333332,24.88668225,21.241725,0.30184135083333336
壓,action_words,動作詞,29.810344827586206,23.931417374265187,18.454545454545453,8|36,29.6492655,24.979940583333335,20.310620583333332,0.2356180325
咬,action_words,動作詞,29.630872483221477,25.095394736842103,18.846153846153847,8|36,29.8759005,25.128281333333334,20.380659083333335,0.23175130083333334
撿,action_words,動作詞,29.74015748031496,25.156898106402164,20.67692307692308,8|36,30.321974833333332,25.40884975,20.495725916666668,0.223960175
握手,action_words,動作詞,28,25.120917303683115,22,8|36,30.90742716666667,25.511021083333333,20.114616666666667,0.20388719416666667
爬,action_words,動作詞,29.681159420289855,25.65495608531995,21.65625,8|36,30.5947495,25.514970416666667,20.435190583333334,0.21661488666666667
騎,action_words,動作詞,27.78369905956113,25.08512720156556,21.352941176470587,8|36,29.57711875,25.549180333333332,21.521243666666667,0.2731460141666667
掉,action_words,動作詞,29.41592920353982,25.345238095238095,21.07741935483871,8|36,29.897000916666666,25.56929825,21.24159375,0.2541995975
工作/上班,action_words,動作詞,28.6875,25.387527839643653,21.31858407079646,8|36,29.563248916666666,25.763000916666666,21.962753916666667,0.289443035
切,action_words,動作詞,29,23.89855072463768,21.384,8|36,29.552328,25.80207933333333,22.051833,0.29336824166666664
流(鼻涕),action_words,動作詞,29.561752988047807,25,21.352941176470587,8|36,29.474372416666668,25.853396166666666,22.232422,0.30383682916666666
餵,action_words,動作詞,30.226337448559672,25.612676056338028,22.31760435571688,8|36,30.11820525,25.939379166666665,21.760552,0.26330996333333334
喜歡,action_words,動作詞,30.52203389830509,25.42468619246862,21.64516129032258,8|36,29.666162166666666,26.09446,22.5227615,0.30805751666666664
寫,action_words,動作詞,32.108695652173914,26.20909090909091,20.67692307692308,8|36,30.524952166666665,26.298366583333333,22.071784166666667,0.26028676916666665
摸,action_words,動作詞,32.55434782608695,26.095634095634097,21,8|36,31.565318416666667,26.38544741666667,21.205577833333333,0.212409395
拉,action_words,動作詞,30.70063694267516,25.643848288621648,22.10086455331412,8|36,31.347304,26.59183175,21.836356916666666,0.231406365
搖,action_words,動作詞,32.20180436847104,25.863523573200993,21,8|36,31.833594916666666,26.596288833333332,21.358982583333333,0.21012510166666667
站,action_words,動作詞,30.4125,26.78728606356968,22.159817351598175,8|36,30.581963166666668,26.94880433333333,23.315646916666665,0.3028217458333333
說話,action_words,動作詞,32.21884654994851,26.85328836424958,22.6745182012848,8|36,31.078729833333334,26.990273083333335,22.901816666666665,0.2690750966666667
敲,action_words,動作詞,32.6985294117647,25.92676431424767,22,8|36,33.03963241666667,27.11838875,21.197145583333334,0.18585413166666667
罵,action_words,動作詞,32.3335201793722,27.35211267605634,21.897196261682243,8|36,31.275705333333335,27.266627,23.25754875,0.27443030333333335
聽,action_words,動作詞,32.785771704180064,27.352112676056336,22,8|36,32.19702291666667,27.423137916666665,22.64925275,0.2305084875
抓,action_words,動作詞,32.13171487603306,27.28957528957529,22.603448275862068,8|36,32.30822233333333,27.580809,22.8533955,0.23274418916666667
幫忙,action_words,動作詞,30.808163265306124,26.82634730538922,22.225806451612904,8|36,31.725899333333334,27.59027675,23.454656333333332,0.26600111083333333
掃地,action_words,動作詞,32.64655172413793,27.394736842105264,23.024012393493415,8|36,31.980474916666665,27.843041,23.70560516666667,0.26594154
煮,action_words,動作詞,34.30223880597015,25.880694143167027,23.294907666480135,8|36,32.48895875,27.86841391666667,23.247869833333333,0.238110015
放,action_words,動作詞,32.65226171243942,27.520833333333332,22.64814814814815,8|36,33.111647,28.073574666666666,23.035502583333333,0.21843084166666665
排(東西),action_words,動作詞,32.869795342272404,27,21.71794871794872,8|36,33.087449666666664,28.091529583333333,23.095606166666666,0.22028649333333333
叫,action_words,動作詞,32.6985294117647,27.7172131147541,23.31331747919144,8|36,33.0882235,28.21321175,23.338199,0.225737465
碰/撞,action_words,動作詞,32.74113048707156,27.520833333333332,23.269565217391303,8|36,32.759501416666666,28.21374691666667,23.667989,0.24203120583333335
停,action_words,動作詞,34.11208487084871,27.35211267605634,23.424657534246577,8|36,32.978639333333334,28.493921583333332,24.00920275,0.24533673916666668
打破,action_words,動作詞,32.83175505050505,27.325732899022803,24.24390243902439,8|36,32.52102858333333,28.526928166666668,24.532826916666668,0.27552549083333333
討厭,action_words,動作詞,32.93189368770764,28.2603550295858,25.059507523939807,8|36,33.395884,29.41862325,25.441361583333332,0.2767434575
推,action_words,動作詞,32.98640583554376,28.840764331210192,25.214285714285715,8|36,33.3692245,29.43823475,25.507245,0.2799452533333333
教我,action_words,動作詞,32.751862197392924,29.096509240246405,25.518220042046252,8|36,32.97254341666667,29.549293583333334,26.126042416666667,0.32154715083333335
踢,action_words,動作詞,34.25961538461539,29.365149833518313,24.515625,8|36,34.612414916666665,29.557033666666666,24.50165425,0.21767603166666666
倒,action_words,動作詞,40,27.8248730964467,23.570552147239265,8|36,34.387754,29.7138775,25.04000125,0.23548880166666666
按,action_words,動作詞,40,27.59171597633136,21.8,8|36,35.94235116666667,29.735425583333335,23.528498,0.17734234166666665
滑,action_words,動作詞,34.97024729520866,29.286004056795132,25.07685512367491,8|36,34.09887533333333,29.802964833333334,25.507054333333333,0.25622346166666665
想,action_words,動作詞,32.76704545454545,29,25.455762514551804,8|36,33.66180225,29.833930666666667,26.006060583333333,0.28755247083333335
搔癢,action_words,動作詞,32.953089244851256,28,25.103736089030207,8|36,35.36289375,29.932991083333334,24.5030895,0.2026953075
西瓜,food_drink,食物/飲料,27.23696682464455,23.37125748502994,19.571428571428573,8|36,27.60543725,24.084980416666667,20.56452575,0.31251457833333335
巧克力,food_drink,食物/飲料,27.844594594594593,24.380476556495005,20.904109589041095,8|36,27.825715916666667,24.748923583333333,21.67213025,0.3576081383333333
冰淇淋,food_drink,食物/飲料,28.46808510638298,24.726872246696036,21.52173913043478,8|36,28.5952915,25.216602083333335,21.837912166666666,0.3256154475
蔬菜,food_drink,食物/飲料,27.928792569659443,22,20.367892976588628,8|36,30.08665625,25.369927666666666,20.6532015,0.23326005166666666
紅(白)蘿蔔,food_drink,食物/飲料,32.13171487603306,23.71506105834464,20.16,8|36,30.196848666666668,25.71419716666667,21.231545583333332,0.24544645416666666
果汁,food_drink,食物/飲料,30.34494773519164,25.759825327510917,20.904109589041095,8|36,29.553143416666668,25.71815675,21.883170166666666,0.2868667
薯條,food_drink,食物/飲料,30.353211009174313,25,21,8|36,29.714145916666666,26.098506666666665,22.482866833333333,0.30428522333333335
糖,food_drink,食物/飲料,31.554054054054053,25.195725534308213,20.544891640866872,8|36,30.54054225,26.127906083333333,21.715269583333335,0.24932984416666668
芭樂,food_drink,食物/飲料,31.38317757009346,25.327375352775164,20.807339449541285,8|36,30.66949675,26.29821775,21.926938166666666,0.2517142975
水果,food_drink,食物/飲料,31,25.46317657497782,21.685714285714287,8|36,30.607238,26.531022,22.454803916666666,0.26993130083333333
蕃茄,food_drink,食物/飲料,31,27.325732899022803,21.466019417475728,8|36,30.914795416666667,26.769384666666667,22.623975666666666,0.26536028666666667
橘子,food_drink,食物/飲料,32.267857142857146,25,21.685714285714287,8|36,31.164972416666668,26.797993666666667,22.431014916666665,0.2519474225
柳丁,food_drink,食物/飲料,31.722921914357684,25,22.19774011299435,8|36,31.34335025,26.963057166666665,22.582764,0.251248795
茶,food_drink,食物/飲料,31,25.55163043478261,21.352941176470587,8|36,31.929774416666667,27.168047916666666,22.406322833333334,0.23107837833333333
稀飯,food_drink,食物/飲料,31.953488372093023,27,21.79245283018868,8|36,32.46793291666667,27.191099666666666,21.91426591666667,0.20854854583333332
水餃,food_drink,食物/飲料,31.788461538461537,26.592505854800937,22,8|36,30.9035365,27.217929083333335,23.53232,0.29854789416666666
葡萄乾,food_drink,食物/飲料,34.182432432432435,26.70408163265306,20.63583815028902,8|36,31.989157833333334,27.3009655,22.612771,0.2346663225
棒棒糖,food_drink,食物/飲料,32.47047970479705,27,22.10086455331412,8|36,31.72225875,27.680828916666666,23.6393995,0.2722726425
果凍,food_drink,食物/飲料,32.56205493387589,27,22.532994923857867,8|36,31.800009333333332,27.717710083333333,23.63541,0.26950044666666667
豆漿,food_drink,食物/飲料,32.335232252410165,27.3257328990228,22.897435897435894,8|36,31.88128225,27.73731375,23.593344166666668,0.26551193
飲料,food_drink,食物/飲料,32.61721991701245,27.325732899022803,22.74468085106383,8|36,32.5002935,27.969382583333335,23.438473416666668,0.24286243333333332
饅頭,food_drink,食物/飲料,32.935534591194966,27.228658536585368,22.289256198347108,8|36,32.638237833333335,27.977892916666665,23.317547166666667,0.2360979825
木瓜,food_drink,食物/飲料,32.63523131672598,28.127906976744185,22.52870090634441,8|36,32.68133133333333,28.182902416666668,23.684474,0.2446311525
土司,food_drink,食物/飲料,32.46052631578947,27.42016806722689,22.76086956521739,8|36,32.95236808333333,28.351099833333333,23.7498315,0.2391460775
花生,food_drink,食物/飲料,32.861486486486484,27.8130081300813,22.487465181058496,8|36,32.89237125,28.630527,24.368681916666667,0.2582444925
漢堡,food_drink,食物/飲料,32.626626192541195,28.305555555555557,23.46969696969697,8|36,32.71477183333333,28.883925083333335,25.053078833333334,0.28727442416666665
甜甜圈,food_drink,食物/飲料,34.25961538461539,29,23.50819672131147,8|36,32.9688435,28.9658965,24.962950916666667,0.27492877
汽水,food_drink,食物/飲料,34.56605049594229,27.644329896907216,22.76086956521739,8|36,33.3651225,29.044901333333332,24.724680916666667,0.25477676833333335
雞肉,food_drink,食物/飲料,32.67460317460318,28,23.12863070539419,8|36,33.69566433333333,29.322778666666668,24.94989208333333,0.25165497166666667
包子,food_drink,食物/飲料,32.82221480987325,27.709779179810724,22.789473684210527,8|36,34.216867,29.407738166666668,24.59861,0.22884722416666667
香腸,food_drink,食物/飲料,32.97754654983571,29.348148148148148,25.070048309178745,8|36,33.60445725,29.625826666666665,25.647196583333333,0.2766215375
櫻桃,food_drink,食物/飲料,40,27.883838383838384,22.532994923857867,8|36,34.70509466666667,29.671449583333334,24.637805666666665,0.2186902275
咖啡,food_drink,食物/飲料,32.918,30.21103117505995,23.83386075949367,8|36,34.19945083333333,29.812176333333333,25.424902083333333,0.25082690333333335
奶茶,food_drink,食物/飲料,35.55,30.085603112840467,25.394430051813472,8|36,34.105568833333336,29.963433333333334,25.821299083333333,0.26567281083333333
猴子,animals,動物,27.705128205128204,23.37125748502994,18.473684210526315,8|36,27.922537333333334,24.15419425,20.385854583333334,0.2919355025
老虎,animals,動物,28.46808510638298,23.37125748502994,19.09090909090909,8|36,28.417716916666667,24.181151833333335,19.944585916666668,0.25965791083333334
青蛙,animals,動物,27.76530612244898,22.897435897435894,19.75,8|36,28.667092916666668,24.494286333333335,20.321478166666665,0.263656565
螞蟻,animals,動物,27.76530612244898,22.84,18.857142857142858,8|36,28.7150695,24.68677325,20.658477666666666,0.2730844425
企鵝,animals,動物,28,23.399141630901287,19.8,8|36,28.83702925,24.7140715,20.591112166666665,0.26681602416666667
蚊子,animals,動物,27.752688172043012,24,19.666666666666668,8|36,28.719386416666666,24.81270616666667,20.90602833333333,0.28161107
小雞,animals,動物,28,23.63917525773196,19.75,8|36,29.239368666666667,25.040244333333334,20.841121,0.26199842083333336
老鼠,animals,動物,30.072368421052634,23.50819672131147,19,8|36,29.210239416666667,25.067495583333333,20.92475425,0.26556483833333333
烏龜,animals,動物,27.953815261044177,24.18151815181518,19.833333333333332,8|36,29.168979583333332,25.145813083333334,21.122646916666667,0.27341160666666664
長頸鹿,animals,動物,29.54272517321016,24.570934256055363,19.5,8|36,29.886387166666665,25.715663666666668,21.54494175,0.2637647458333333
蝦子,animals,動物,27.85089141004862,24.829903978052126,20.511627906976745,8|36,29.899354333333335,25.931996083333335,21.964636166666665,0.27735153083333336
獅子,animals,動物,30.072368421052634,24.63953488372093,21.266666666666666,8|36,30.785102583333334,26.107399916666665,21.429699833333334,0.23520634583333333
螃蟹,animals,動物,31.90308370044053,26.28395061728395,21.88421052631579,8|36,31.201639416666666,26.992359583333332,22.783079416666666,0.26136582333333336
蜜蜂(ㄨㄥㄨㄥ),animals,動物,32.427374301675975,27,21.576923076923077,8|36,32.29106625,27.30287,22.3146775,0.22061968666666668
蛇,animals,動物,32.875757575757575,27.153374233128833,22.327102803738317,8|36,32.1142555,27.808231583333335,23.502203666666666,0.2555388675
蟑螂,animals,動物,34.130645161290325,27.42016806722689,22,8|36,32.31352858333334,28.1079355,23.9023435,0.26166299583333336
斑馬,animals,動物,40,27.213675213675213,22.244755244755243,8|36,33.41362083333333,28.251812416666667,23.090003416666665,0.2131949925
蝸牛,animals,動物,32.96422338568935,27.119617224880383,22.593220338983052,8|36,32.70557675,28.283675583333334,23.861779833333333,0.24888661
鱷魚,animals,動物,40,27.449101796407184,22.879396984924625,8|36,32.97358966666667,28.46734633333333,23.9611075,0.24420107833333332
河馬,animals,動物,33.73101265822785,27.684931506849313,22.5440414507772,8|36,33.26018475,28.556910833333333,23.853636416666667,0.23396899833333334
毛毛蟲,animals,動物,32.82221480987325,27.6198347107438,21.897196261682243,8|36,33.824627666666665,28.875650083333333,23.926674666666667,0.22241488916666666
蜘蛛,animals,動物,35.75,27.79185520361991,22.614035087719294,8|36,33.59379583333333,28.880572916666665,24.167350916666667,0.23352932666666668
狼(大野狼),animals,動物,40,27.709779179810724,23.358016304347824,8|36,33.792171583333335,29.137893666666667,24.483616416666667,0.23646583333333332
公雞,animals,動物,40,27.8130081300813,22.652173913043477,8|36,34.21981666666667,29.169222833333333,24.118626416666668,0.21785430166666667
海豚,animals,動物,34.940402476780186,27.743494423791823,22.88235294117647,8|36,33.74475391666667,29.197070166666666,24.649385,0.242073525
綿羊,animals,動物,40,27.915750915750916,21.923076923076923,8|36,34.86437133333333,29.3379755,23.8115785,0.1991143725
蛤蠣(貝殼),animals,動物,40,28.46808510638298,24.503432494279178,8|36,34.55161175,29.9373595,25.32310675,0.23855144666666667
月亮,outside,戶外,29,23.16445623342175,20,8|36,28.53025025,24.400192333333333,20.270135916666668,0.2663937458333333
星星,outside,戶外,27.603448275862068,23.496,20,8|36,28.585739833333335,24.413943833333335,20.242145416666666,0.2636849408333333
太陽,outside,戶外,27.8130081300813,23.596153846153847,20,8|36,27.974045166666667,24.483361333333335,20.992676666666668,0.31518644583333333
石頭,outside,戶外,28.127906976744185,23.496,20.567010309278352,8|36,28.559094583333334,24.890527333333335,21.22196075,0.29989193166666667
葉子,outside,戶外,30.799145299145295,25,21.685714285714287,8|36,30.942963083333332,26.554286416666667,22.165611083333335,0.25073370333333334
鞦韆,outside,戶外,29.793621013133208,26.442307692307693,21.352941176470587,8|36,31.106666833333332,26.841043166666665,22.575420833333332,0.25793262166666664
紅綠燈,outside,戶外,31.91791044776119,27.684931506849313,21.79245283018868,8|36,31.542329333333335,27.64012775,23.7379245,0.28193853916666667
翹翹板,outside,戶外,33.35213414634146,27,22.61712846347607,8|36,32.134433666666666,27.970060833333335,23.805688416666666,0.26426472083333336
草,outside,戶外,32.47704081632653,27.634920634920636,23.026138279932542,8|36,32.49220725,28.33773,24.1832525,0.2648528941666667
風,outside,戶外,34.25961538461539,27.699626865671643,23.417591125198097,8|36,32.99310783333333,28.849655916666666,24.706206583333334,0.265596725
馬路,outside,戶外,32.98363926576217,27.8130081300813,24.541871921182267,8|36,33.136191833333335,29.244879583333333,25.353569083333333,0.28280262916666665
風箏,outside,戶外,34.38694267515923,29.444794952681388,24.49180327868853,8|36,33.881106,29.64944025,25.417772,0.26009444833333334
沙子,outside,戶外,32.875757575757575,30.07236842105263,23.90691489361702,8|36,33.58789025,29.6805285,25.773163916666668,0.2816398425
垃圾車,vehicles,交通工具,27.213675213675213,23.273127753303964,18.7,8|36,27.728388333333335,24.04342116666667,20.358452916666668,0.29850348416666667
船,vehicles,交通工具,27.830258302583022,24.261904761904763,20.83969465648855,8|36,28.874911666666666,25.11496525,21.355020166666666,0.29257270916666667
公車(巴士),vehicles,交通工具,30.28061224489796,23.91176470588235,20.83969465648855,8|36,30.332988666666665,26.046583916666666,21.760176666666666,0.2566831875
怪手(挖土機),vehicles,交通工具,32.3335201793722,25.716786817713697,20.67692307692308,8|36,30.679783666666665,26.42478625,22.169789166666668,0.2586508633333333
救護車,vehicles,交通工具,30.878865979381445,27.334075723830736,22.139442231075694,8|36,31.61825775,27.6373785,23.656499333333333,0.27640560416666665
娃娃車(手推車),vehicles,交通工具,32.92322097378277,25.90924092409241,21.685714285714287,8|36,34.17941308333333,28.468927166666667,22.758442833333334,0.192719425
卡車,vehicles,交通工具,33.931451612903224,27.670840787119857,22.406976744186046,8|36,32.9133,28.527328333333333,24.141355666666666,0.25089514333333335
計程車,vehicles,交通工具,34.30223880597015,27.830258302583022,23.455488331892827,8|36,33.01596141666667,28.8423715,24.668782333333333,0.26365565416666664
消防車,vehicles,交通工具,34.69827586206897,28,23.570552147239265,8|36,33.5059495,29.23005675,24.954162333333333,0.25736938416666666
貼紙,toys,玩具,27.566037735849054,24,20.511627906976745,8|36,28.137142916666665,24.573740416666666,21.010336916666667,0.3087076125
積木,toys,玩具,29.927631578947366,24.78014184397163,20.67692307692308,8|36,29.963533333333334,25.705272333333333,21.447009166666668,0.25838342833333333
鉛筆,toys,玩具,30.75263157894737,27.38314176245211,21.907563025210084,8|36,31.511288166666667,27.253191666666666,22.995094333333334,0.25843047166666666
拼圖,toys,玩具,32.13171487603306,27.26595744680851,23.174157303370787,8|36,31.585441583333335,27.85278883333333,24.120135,0.2947765983333333
彩色筆,toys,玩具,32.82017543859649,28,23.347014925373134,8|36,33.209401166666666,28.846005916666666,24.482610833333332,0.2522136325
機器人,toys,玩具,34.880434782608695,29,25.149484536082475,8|36,33.15788058333333,29.214733083333332,25.271585166666668,0.2791066816666667
蠟筆,toys,玩具,34.529300168634066,28.695863746958636,23.82824427480916,8|36,33.82848475,29.712628666666667,25.596772166666668,0.2674115325
鼓,toys,玩具,40,29.470941883767537,23.19745222929936,8|36,34.60755708333333,29.76423125,24.920909166666668,0.22726146166666666
拖鞋,clothing,衣物,27.87601078167116,23.86111111111111,21.266666666666666,8|36,28.892808416666668,24.948174916666666,21.003539666666665,0.278868175
夾克(外套),clothing,衣物,28.46808510638298,24,20.83969465648855,8|36,28.92412825,25.21303875,21.50194725,0.2964589625
扣子,clothing,衣物,28.606299212598422,24,20.67692307692308,8|36,29.592236916666668,25.50578325,21.4193285,0.2692194391666667
背心,clothing,衣物,30.104761904761904,25.612676056338028,22.244755244755243,8|36,31.03470525,26.846636833333335,22.658571833333333,0.26267916166666666
拉鍊,clothing,衣物,31.29285714285714,27.475285171102666,22.315315315315317,8|36,31.300751166666668,27.169338416666665,23.037926833333334,0.2663131575
安全帽,clothing,衣物,31.848275862068967,27.27964205816555,22.53846153846154,8|36,31.6270305,27.460975,23.29492175,0.264112895
手套,clothing,衣物,32.54859529233106,26.872992700729927,22.5,8|36,31.730332833333332,27.596649083333332,23.462966916666666,0.2661897641666667
衣物,clothing,衣物,40,24.37162162162162,18.5,8|36,34.4331995,27.797044166666666,21.160891166666666,0.16587177
圍兜(兜),clothing,衣物,40,25.94054054054054,20.758620689655174,8|36,33.878941,27.9394405,21.999938833333335,0.18526530166666666
內褲(三角褲),clothing,衣物,32.121428571428574,27.63073394495413,24.077903682719548,8|36,31.305573,27.988961,24.672350916666666,0.331782425
口罩,clothing,衣物,32.861486486486484,27.684931506849313,23.028677150786308,8|36,32.49167691666667,28.399470583333333,24.307262166666668,0.26888699083333334
涼鞋,clothing,衣物,33.73101265822785,27.902335456475583,24.32608695652174,8|36,34.11539925,29.74130725,25.367217666666665,0.2516289825
長褲,clothing,衣物,35.375,29.47796610169491,24.78014184397163,8|36,34.35535983333333,29.82270625,25.290053,0.2428268475
裙子,clothing,衣物,40,27.92281879194631,24.43193717277487,8|36,34.28480283333333,29.833227833333332,25.381652833333334,0.24721408416666665
布鞋(運動鞋),clothing,衣物,40,27.911708253358924,25.57236842105263,8|36,34.59051,29.978197333333334,25.365885583333334,0.23863940833333333
肚臍,body_parts,身體部位,27.79941860465116,22.408560311284045,18.3125,8|36,29.422410916666667,24.390350416666667,19.35828625,0.21864272666666668
手指(手指頭),body_parts,身體部位,29,23.68888888888889,18.875,8|36,29.1800365,24.712004166666667,20.24397325,0.24621452333333332
小ㄐㄐ/小鳥(生殖器),body_parts,身體部位,30.52203389830509,22,18.23076923076923,8|36,30.444279583333334,24.945618166666666,19.446957333333334,0.20007568916666665
眉毛,body_parts,身體部位,29.832911392405062,25.404024767801857,21,8|36,30.496091166666666,26.02587075,21.555648,0.24611120083333332
脖子,body_parts,身體部位,30.53921568627451,24.570934256055363,22.218295218295214,8|36,30.579719166666667,26.41167575,22.243632166666668,0.2639552275
舌頭,body_parts,身體部位,30.498666666666665,25.887755102040817,22.18324607329843,8|36,30.595916,26.44742575,22.298933166666668,0.26518445333333335
指甲,body_parts,身體部位,30.52203389830509,27.24590163934426,22,8|36,30.547919333333333,26.698121416666666,22.848323833333332,0.285797855
背,body_parts,身體部位,40,27.89686098654709,22.86206896551724,8|36,34.29926808333333,29.6697755,25.040286416666667,0.23775085833333334
廁所,furniture_rooms,家具/房間,27.7172131147541,23.37125748502994,21.483221476510067,8|36,27.927054666666667,24.470738333333333,21.01441925,0.3183218975
樓梯,furniture_rooms,家具/房間,27.547045951859957,23.90940465918895,21.10810810810811,8|36,28.04362575,24.807349416666668,21.571073666666667,0.33993661166666667
電腦,furniture_rooms,家具/房間,28.345549738219898,23.805194805194805,21.52173913043478,8|36,28.838061166666666,25.412539166666665,21.98701725,0.3211689016666667
房間,furniture_rooms,家具/房間,28.369747899159663,25.07685512367491,21.576923076923077,8|36,29.007326333333335,25.510748833333334,22.01417075,0.3146246
馬桶,furniture_rooms,家具/房間,30.12313432835821,24.702875399361023,21.576923076923077,8|36,29.204820833333333,25.695547666666666,22.186275666666667,0.31348525833333335
窗戶,furniture_rooms,家具/房間,30.75263157894737,26.613333333333333,22.36332179930796,8|36,30.5821755,26.820660916666668,23.05914575,0.2924616483333333
廚房,furniture_rooms,家具/房間,32.572916666666664,27.437062937062937,23.028677150786308,8|36,32.28347216666667,28.02277375,23.76207325,0.25822617
電梯,furniture_rooms,家具/房間,32.64655172413793,27.178571428571427,22.853658536585368,8|36,32.35037741666667,28.082253833333333,23.814130916666667,0.25782196583333333
客廳,furniture_rooms,家具/房間,32.73053589484328,27.66872427983539,23.249329758713134,8|36,32.55753775,28.33460325,24.111674833333332,0.2605814691666667
抽屜,furniture_rooms,家具/房間,32.875757575757575,27.559105431309906,23.65742251223491,8|36,32.66849825,28.394804666666666,24.12110925,0.25747257916666666
洗衣機,furniture_rooms,家具/房間,32.64655172413793,27.79646017699115,23.570552147239265,8|36,32.19434283333333,28.397638416666666,24.600936166666667,0.2898401375
地板,furniture_rooms,家具/房間,32.82869080779944,27.79185520361991,23.347014925373134,8|36,32.90551958333333,28.940281916666667,24.97504575,0.27755760333333335
浴室,furniture_rooms,家具/房間,32.83175505050505,27.76530612244898,23.86111111111111,8|36,33.7185515,29.27878275,24.83901425,0.24789707083333334
沙發,furniture_rooms,家具/房間,34.47093023255814,29.210762331838566,23.70893970893971,8|36,33.97307858333333,29.4993155,25.025549583333333,0.24598589083333333
垃圾桶,household,家庭用品,27.59171597633136,23.58374628344896,18.73684210526316,8|36,27.61118225,24.018394916666665,20.42560625,0.30618011
枕頭,household,家庭用品,27.63073394495413,23.055755395683452,18.933333333333337,8|36,27.734519333333335,24.095519583333335,20.456516416666666,0.302288365
筷子,household,家庭用品,27.566037735849054,23.37125748502994,21.12,8|36,28.074809916666666,24.504853833333332,20.934899416666667,0.30817128416666667
電燈,household,家庭用品,27.928792569659443,23.37125748502994,18.833333333333332,8|36,28.217854,24.587241333333335,20.956629916666667,0.30301078666666664
紙,household,家庭用品,27.94221105527638,24.726872246696036,21.134831460674157,8|36,28.53748175,24.989974083333333,21.442459916666667,0.31012972666666666
毛巾,household,家庭用品,27.8130081300813,25.05534351145038,21.31858407079646,8|36,28.653030083333334,25.014566916666666,21.376106833333335,0.302385085
梳子,household,家庭用品,31.271523178807943,23.496,19,8|36,29.485382916666666,25.12559175,20.76580125,0.25233568666666667
冰箱,household,家庭用品,27.87601078167116,25.327375352775164,21.47619047619047,8|36,28.829322,25.27674633333333,21.724171916666666,0.30963011916666666
剪刀,household,家庭用品,29.496478873239436,24.37162162162162,21.52173913043478,8|36,28.72157058333333,25.3984495,22.07532975,0.33107171416666664
電風扇,household,家庭用品,28,24.75638506876228,21.685714285714287,8|36,29.091790083333333,25.502243833333335,21.912700083333334,0.3064550925
皮包,household,家庭用品,29.74015748031496,25.29391891891892,20.63583815028902,8|36,30.021952833333334,25.578008166666667,21.1340635,0.24755059416666667
垃圾,household,家庭用品,29.681159420289852,25.301385681293304,21.52173913043478,8|36,29.583157166666666,25.694708583333334,21.806261166666665,0.28291903916666666
遙控器,household,家庭用品,27.907258064516128,25.070048309178745,21.384,8|36,29.232669583333333,25.70001075,22.16735275,0.3114787866666667
鏡子,household,家庭用品,30.134969325153374,24.470085470085472,21.73170731707317,8|36,30.008900166666667,25.897079583333333,21.78525691666667,0.2675688391666667
照片,household,家庭用品,30.189655172413794,25.68891402714932,22.092348284960423,8|36,29.6982475,26.227997916666666,22.757746583333333,0.3170485375
牙膏,household,家庭用品,30.45727482678984,25.522696929238982,22,8|36,29.921538083333335,26.517255333333335,23.112975416666668,0.323171885
掃把,household,家庭用品,32.52325581395349,25.53703703703704,21.466019417475728,8|36,31.056042166666668,26.709631833333333,22.36322075,0.2531566175
相機,household,家庭用品,30.318840579710145,26.725552050473187,22.24137931034483,8|36,30.503302416666667,26.722556333333333,22.941811083333334,0.2909945116666667
吹風機,household,家庭用品,31,27.178571428571427,22,8|36,30.794060916666666,26.90018425,23.006312666666666,0.28253134166666666
時鐘(鬧鐘),household,家庭用品,32.19921875,27.487465181058496,21.867469879518072,8|36,31.453715333333335,26.910324166666665,22.366933666666668,0.24216642333333332
肥皂,household,家庭用品,30.66284074605452,26.78728606356968,22.879396984924625,8|36,31.097378,27.23168725,23.365997416666666,0.28464489416666666
袋子,household,家庭用品,31,26.725552050473187,22.789473684210527,8|36,31.2700455,27.35565625,23.441265666666666,0.28108154583333333
書包,household,家庭用品,30.67808219178082,27,22.849056603773583,8|36,31.420064833333335,27.4775545,23.535037,0.27911121
冷氣,household,家庭用品,32.67460317460318,27.303030303030305,22,8|36,31.567610166666668,27.602294666666666,23.63697825,0.2774775325
光碟(CD或DVD),household,家庭用品,32.40865384615385,27.59171597633136,22,8|36,32.264781666666664,27.92717625,23.5895685,0.25367273
刀子,household,家庭用品,32.517451298701296,27.487465181058496,22.532994923857867,8|36,32.133082083333335,28.183400583333334,24.233719083333334,0.27859659833333333
盤子,household,家庭用品,32.705199115044245,27.610902255639097,23.089595375722546,8|36,32.547072666666665,28.47547975,24.403886333333332,0.2702136566666667
叉子,household,家庭用品,34.529300168634066,28,23.275147928994084,8|36,33.46117233333333,29.33158875,25.202000416666667,0.26643381833333335
水壺,household,家庭用品,34.70702775290958,27.933908045977013,24.586666666666662,8|36,33.4308805,29.358012083333332,25.28514075,0.2702599983333333
銅板(零錢),household,家庭用品,40,27.76530612244898,23.417591125198097,8|36,34.647311083333335,29.521505833333332,24.395700833333333,0.21468225333333332
很好吃/好吃的,descriptive_words,描述詞,27.79185520361991,23.596153846153847,18.833333333333332,8|36,28.02976075,24.064625333333332,20.09949075,0.2774193025
髒髒的/骯髒的,descriptive_words,描述詞,28.22680412371134,23.805194805194805,18.636363636363637,8|36,28.44146525,24.3997965,20.358126666666667,0.27217786833333335
想睡覺,descriptive_words,描述詞,28.594594594594597,24.18151815181518,21.153846153846153,8|36,28.659694583333334,24.49342783333333,20.32715925,0.2640821933333333
亮亮的,descriptive_words,描述詞,27.76530612244898,23.61578672242551,18.75,8|36,29.24822875,24.846090666666665,20.443952333333332,0.24991490166666666
冰冰的,descriptive_words,描述詞,27.78369905956113,22.75757575757576,19.2,8|36,28.828772666666666,24.8583715,20.88797325,0.2770883575
破了/破掉了,descriptive_words,描述詞,27.76530612244898,24.347368421052632,21.266666666666666,8|36,28.711963666666666,25.10598975,21.500016583333334,0.3050571541666667
好漂亮/漂亮的,descriptive_words,描述詞,28.46808510638298,24.816023738872403,21.37735849056604,8|36,29.55963725,25.154515166666666,20.74939225,0.2497704675
不乖,descriptive_words,描述詞,28.594594594594597,25,20.88,8|36,29.22123225,25.286311416666667,21.35139025,0.27955880333333333
好辣/辣辣的,descriptive_words,描述詞,27.933908045977013,24.84183673469388,20.807339449541285,8|36,29.14763675,25.411991583333332,21.67634825,0.294466785
餓了/好餓,descriptive_words,描述詞,30.072368421052634,25.65909090909091,21.60431654676259,8|36,30.104898666666667,25.906251083333334,21.70760425,0.2620288591666667
飽了/好飽,descriptive_words,描述詞,29,25.612676056338028,22,8|36,30.350259583333333,26.34795325,22.3456465,0.274906485
好可愛/可愛的,descriptive_words,描述詞,31,26.116751269035532,22,8|36,30.959608916666667,26.367684583333332,21.775757166666665,0.23960064166666667
好香/香香的,descriptive_words,描述詞,31,24.823235923022096,22,8|36,30.432192333333333,26.616716666666665,22.801244166666667,0.28832066166666664
大的,descriptive_words,描述詞,30.34494773519164,25.772189349112427,22.652173913043477,8|36,30.26013325,26.731544,23.20295375,0.31184881583333335
好冷/冷冷的,descriptive_words,描述詞,32.03764393268379,26.77461139896373,21.845070422535212,8|36,30.768834833333333,26.741151333333335,22.713466583333332,0.2731549933333333
睡著了,descriptive_words,描述詞,28,26.39255236617533,22.159817351598175,8|36,30.58609575,26.853353666666667,23.120611,0.29470337333333335
快一點,descriptive_words,描述詞,32.13171487603306,26.664739884393065,22,8|36,30.91147175,27.22854825,23.545628166666667,0.29873958333333334
小的,descriptive_words,描述詞,30.50733752620545,25.92063492063492,23.109540636042404,8|36,30.70428575,27.261820083333333,23.819352666666667,0.31962980916666667
小心,descriptive_words,描述詞,31.861344537815125,27.42016806722689,22.46666666666667,8|36,32.024490166666666,27.756383916666667,23.488276916666667,0.2578193183333333
好重/重重的,descriptive_words,描述詞,32.354849068721904,27,23.570552147239265,8|36,31.472194083333335,27.76279425,24.053395166666668,0.29662653916666665
口渴了/好渴,descriptive_words,描述詞,32.466763005780344,27.570539419087137,23.227941176470587,8|36,32.06895608333333,27.960046416666668,23.851136416666666,0.2677584325
紅紅的/紅色的,descriptive_words,描述詞,31.90308370044053,27.449101796407184,23.390125847047436,8|36,31.645172916666667,27.97421025,24.303243583333334,0.29975180166666665
甜甜的,descriptive_words,描述詞,32.4851598173516,27.29481132075472,23.068736141906875,8|36,31.89760075,27.975927083333332,24.054251416666666,0.28057258333333335
生病了,descriptive_words,描述詞,32.312755519215045,27.6198347107438,23.489671931956256,8|36,31.92918725,28.2734175,24.617648166666665,0.30100668833333333
好高/高高的,descriptive_words,描述詞,32.48169136878814,26.872992700729927,23.19745222929936,8|36,32.571844666666664,28.27464416666667,23.977443833333332,0.256058885
黑色的/黑黑的,descriptive_words,描述詞,32.47047970479705,29,23.31331747919144,8|36,32.80520516666667,28.704966833333334,24.604730333333332,0.26836050333333333
圓的/圓形的,descriptive_words,描述詞,32.74966078697422,27.8130081300813,23.89541832669323,8|36,32.8030705,28.8423065,24.88154475,0.27785303833333336
大聲,descriptive_words,描述詞,32.281723484848484,28.213075060532688,25.301385681293304,8|36,32.63617775,28.912327583333333,25.188478166666666,0.2954774333333333
生氣的,descriptive_words,描述詞,32.7170245398773,27.933908045977013,24.89869281045752,8|36,33.243349583333334,29.227373916666668,25.211399916666668,0.2740424083333333
太多了,descriptive_words,描述詞,32.520601336302896,29.348148148148148,25.301385681293304,8|36,32.67134716666666,29.319351583333333,25.967354083333333,0.32826236416666665
好酸/酸酸的,descriptive_words,描述詞,34.759375,29.727554179566564,22.41371158392435,8|36,33.8456015,29.341024833333332,24.836448083333334,0.24432339583333335
好累/累了,descriptive_words,描述詞,32.31759510869565,29.444794952681388,25.140625,8|36,33.320080583333336,29.53497025,25.749859333333333,0.2907388258333333
壞的,descriptive_words,描述詞,32.889653110047846,27.92281879194631,23.793307086614178,8|36,34.23640325,29.656875916666667,25.077350083333332,0.2403795775
一樣的,descriptive_words,描述詞,40,29.15112540192926,25.276315789473685,8|36,34.140564833333336,29.9909285,25.84129075,0.26525317583333335
好多,quantifiers,數量詞,28.46808510638298,24,21.352941176470587,8|36,28.624735333333334,25.204135666666666,21.783535416666666,0.3216786566666667
沒半個/沒有,quantifiers,數量詞,32.14390519187359,24.87649402390438,20.758620689655174,8|36,30.700196666666667,25.775066,20.849936,0.2233998225
那個,quantifiers,數量詞,32.626626192541195,24,18.9,8|36,30.89730125,26.04132675,21.185352416666667,0.22656174666666667
還有,quantifiers,數量詞,28.58471760797342,24.92548076923077,20.7773851590106,8|36,29.950489833333332,26.070579583333334,22.190669416666665,0.28357679333333335
很多,quantifiers,數量詞,32.44564017660044,27.844594594594593,24.87649402390438,8|36,32.44018875,28.697141833333333,24.954097583333333,0.2940599583333333
在那裡,locations,位置,30.206378986866792,23.86111111111111,20.511627906976745,8|36,29.791320666666667,25.326594333333333,20.861867166666666,0.24638579
上面,locations,位置,30.720238095238095,26.345864661654137,21.83076923076923,8|36,31.21567325,27.041388583333333,22.867103,0.26357095583333334
後面,locations,位置,29.969738651994497,25.887755102040817,22,8|36,31.367974666666665,27.203245416666668,23.03851375,0.26421979333333334
前面,locations,位置,32.515002885170226,27.153374233128833,23.14090909090909,8|36,31.6097315,27.606357583333335,23.602982833333332,0.274856565
外面,locations,位置,32.71994535519126,27.178571428571427,22,8|36,32.0123805,27.748822083333334,23.485266,0.2580723975
裡面,locations,位置,32.751862197392924,27.322283609576427,23.479876160990713,8|36,32.13774466666667,27.999555583333333,23.861367916666666,0.26588872166666666
下面,locations,位置,30.92667706708268,27.520833333333332,22.714285714285715,8|36,32.435164,28.154289666666667,23.873416166666665,0.257037975
到…某個地方,locations,位置,40,28,24.06165919282511,8|36,34.02712266666666,29.306184916666666,24.585247583333334,0.23316694083333334
在…裡面,locations,位置,40,27.883838383838384,23.551601423487543,8|36,34.4463005,29.8502275,25.254153083333332,0.23947346916666667
家,places,地點,27.883838383838384,23.46969696969697,18.9,8|36,28.387496333333335,24.34081175,20.294125166666667,0.27189300916666664
7-11(任何便利商店),places,地點,29.71938775510204,25.41826923076923,21.303797468354432,8|36,29.2533505,25.595998,21.93864525,0.3007979975
公園,places,地點,31.788461538461537,23.78901540522438,21.56,8|36,30.15066725,26.109033583333332,22.06740375,0.2722067341666667
學校/幼稚園,places,地點,29,26.372972972972978,21.56,8|36,29.595594083333335,26.1927965,22.790000166666665,0.3233181425
**的家,places,地點,28.725274725274726,25.486940298507463,21.39560439560439,8|36,30.538477583333332,26.558136416666667,22.577794916666665,0.2764666691666667
房子,places,地點,32.378787878787875,27.883838383838384,21.76595744680851,8|36,31.90448325,27.884707,23.864928666666668,0.2737724633333333
醫院(或診所),places,地點,32.19921875,27.582901554404145,23.227941176470587,8|36,31.602060916666666,27.966873666666668,24.331691666666668,0.30270589833333333
加油站,places,地點,32.861486486486484,27.437062937062937,23.38551572787125,8|36,32.4523495,28.565804166666666,24.67926075,0.28317041833333334
菜市場,places,地點,32.97754654983571,27.650759219088936,24.37162162162162,8|36,33.24771783333333,29.17656575,25.105411666666665,0.27030631666666666
動物園,places,地點,32.97945891783567,28.305555555555557,25.410377358490567,8|36,33.26819725,29.47361375,25.679031583333334,0.2900508983333333
等一下,time_words,時間詞,28.46808510638298,24.08972267536705,21.66257668711657,8|36,28.076843,24.596288916666666,21.115740916666667,0.31610120416666665
完了(結束的意思),time_words,時間詞,32.137540453074436,25.07685512367491,18,8|36,31.617794833333335,25.825090916666667,20.03238916666667,0.18992894916666667
晚上,time_words,時間詞,30.875331564986737,27.325732899022803,22.92920353982301,8|36,31.6881105,27.8732825,24.058452916666667,0.2884403308333333
開始,time_words,時間詞,32.15858208955224,27.57603686635945,23.16970802919708,8|36,31.873890666666668,27.873518333333333,23.873143833333334,0.27502414166666667
先,time_words,時間詞,32.6985294117647,29.762162162162163,25.887755102040817,8|36,33.34846375,29.696542083333334,26.044620416666667,0.30142145833333334
什麼？,question_words,疑問詞,28.513618677042803,25.120917303683115,23.02220630372493,8|36,29.210095083333332,25.849114583333332,22.488133083333334,0.32737634833333334
哪裡？,question_words,疑問詞,29.914396887159533,25.759825327510917,22.813953488372093,8|36,30.460263916666666,26.6400325,22.819800333333333,0.28797888833333335
誰？,question_words,疑問詞,32.112632508833926,27.684931506849313,23.55649419218585,8|36,31.818402333333335,27.63115575,23.443908083333334,0.2627897875
咦？,question_words,疑問詞,40,25.880694143167027,16.50581395348837,8|36,36.50160808333333,28.076164833333333,19.650720083333333,0.13068925583333332
好不好？,question_words,疑問詞,32.31759510869565,27.752688172043012,24.541871921182267,8|36,31.804830083333332,28.26857783333333,24.73232575,0.3111035125
嗎(對嗎/好嗎/是嗎),question_words,疑問詞,32.65226171243942,28.14965986394558,23.81064021641118,8|36,32.706500166666665,28.6327875,24.55907375,0.2701726925
為什麼？,question_words,疑問詞,32.65226171243942,28.840764331210192,26.136904761904763,8|36,33.32841808333333,29.88473,26.441042416666665,0.31963146666666664
怎麼(辦)？,question_words,疑問詞,40,28.725274725274726,24.541871921182267,8|36,34.419513916666666,29.951564416666667,25.483614083333332,0.24634419166666666
和,connecting_words,連接詞,34.759375,28.63768115942029,24.87649402390438,8|36,33.29397066666667,29.52403758333333,25.754106083333333,0.291970765
老闆,people,人物,40,28.906367041198504,25.240331491712706,8|36,34.343011,30.1821765,26.0213425,0.26451667083333336
姑丈,people,人物,40,28,22,8|36,35.788024666666665,30.244947916666668,24.701867166666666,0.19859789416666668
別人,people,人物,34.97024729520866,30,25.240331491712706,8|36,34.406655666666666,30.428733833333332,26.450808833333333,0.2766654116666667
大家,people,人物,34.89136568848758,30,25.612676056338028,8|36,34.39410475,30.432970833333332,26.471837333333333,0.2778720708333333
我們的,people,人物,34.97620519159456,30.483516483516485,26.480597014925372,8|36,34.89112058333333,31.22949825,27.567875083333334,0.30067473
朋友,people,人物,40,32.23903262092239,27.26595744680851,8|36,35.79548058333334,31.85319875,27.910915916666667,0.279218065
護士,people,人物,40,32.55434782608695,27.213675213675213,8|36,36.89281625,32.55495833333333,28.217101,0.253892555
你們,people,人物,40,32.42983565107459,28,8|36,36.59257791666667,32.628346416666666,28.66411125,0.2777622625
郵差,people,人物,40,32.912017167381975,27.432098765432094,8|36,37.13993633333333,32.85320741666666,28.56647475,0.256863275
小姐,people,人物,40,32.64823641563394,28.127906976744185,8|36,37.768594416666666,33.0368685,28.30514525,0.23273468333333333
嬸嬸,people,人物,40,33.619856887298745,25.725,8|36,39.55150458333333,33.40106625,27.250625416666665,0.17911530583333332
你們的,people,人物,40,32.72718631178707,29.233830845771145,8|36,37.31510725,33.409116583333336,29.503127083333332,0.28206272
他們,people,人物,40,32.861486486486484,29.124668435013263,8|36,37.479066333333336,33.57960525,29.680147333333334,0.28261674583333335
司機,people,人物,40,32.873586844809864,28,8|36,38.0603835,33.791208,29.522031083333335,0.25808581166666666
他們的,people,人物,40,34.31074168797954,29.49266247379455,8|36,37.980837916666665,34.088582833333334,30.196326666666668,0.283223085
先生,people,人物,40,40,29.561752988047807,8|36,39.39714225,34.965176416666665,30.53321083333333,0.24877544416666666
早餐,games_routines,遊戲/日常生活,40,30,25.50581395348837,8|36,34.81660408333333,30.739438333333332,26.6622735,0.26999975583333335
晚餐,games_routines,遊戲/日常生活,40,32.67460317460318,27.76530612244898,8|36,36.892689833333336,32.75871183333334,28.624734833333335,0.266452915
午餐,games_routines,遊戲/日常生活,40,33.09144893111639,27.8130081300813,8|36,37.48529025,33.26924691666667,29.05320366666667,0.26129422333333335
捏,action_words,動作詞,40,27.907258064516128,23.417591125198097,8|36,35.16725266666667,30.122989333333333,25.07872725,0.21815658833333335
撕,action_words,動作詞,35.6875,29.545806451612904,25.646039603960396,8|36,34.58302066666667,30.277481416666667,25.971940916666668,0.25562311083333333
蹲,action_words,動作詞,34.97620519159456,29.657853810264385,25.41489361702128,8|36,34.861306166666665,30.37132925,25.881351833333333,0.2451386575
忘記,action_words,動作詞,32.918,29.61572052401747,25.59271327014218,8|36,34.1047665,30.433216583333333,26.761667916666667,0.29975585
帶,action_words,動作詞,40,29.865030674846626,25.779184681902407,8|36,34.68681475,30.700773166666668,26.7147295,0.27622003166666664
告訴,action_words,動作詞,34.69827586206897,29.882037533512065,25.901715511079345,8|36,34.23739208333333,30.708304333333334,27.179218333333335,0.3119533275
綁,action_words,動作詞,40,29.865030674846626,25.825949367088608,8|36,34.98391425,30.748801666666665,26.513689333333332,0.25992112666666667
裝,action_words,動作詞,40,29.92763157894737,25.518220042046252,8|36,34.93915641666667,30.815176916666665,26.691197583333334,0.26694730833333336
夾,action_words,動作詞,40,29.914396887159533,25.55163043478261,8|36,35.43668725,30.847773333333333,26.258861416666665,0.23984112166666666
藏,action_words,動作詞,40,30,25.545112781954888,8|36,34.95150875,30.979402583333332,27.0073005,0.27715479583333336
聞,action_words,動作詞,40,29.842293906810035,25.49475065616798,8|36,35.21078325,31.010479,26.810176833333333,0.26212262583333334
拔,action_words,動作詞,40,30.737430167597765,25.69557195571956,8|36,35.71209258333333,31.0923275,26.472563666666666,0.23827881166666667
吞,action_words,動作詞,40,29.94125500667557,25.736745213549337,8|36,35.247329,31.13785475,27.028381416666665,0.2679022916666667
數數,action_words,動作詞,40,32.40865384615385,26.244208494208493,8|36,36.92963208333333,32.03357716666667,27.137522083333334,0.22486538666666667
曬,action_words,動作詞,40,32.20082693443591,27,8|36,36.5526825,32.34973466666667,28.146786833333334,0.262027985
拆,action_words,動作詞,40,32.6207400194742,27.684931506849317,8|36,37.545836083333334,33.15899175,28.772148833333333,0.2510397475
投,action_words,動作詞,40,32.80568720379147,27.684931506849313,8|36,38.13048883333333,33.45272325,28.774953916666668,0.23544715583333334
假裝,action_words,動作詞,40,32.77554744525548,29.24736842105263,8|36,38.71712291666667,34.36714216666667,30.017164083333334,0.2533113066666667
記,action_words,動作詞,40,40,29.793621013133208,8|36,38.45295491666667,34.588154583333335,30.723356083333332,0.28522560416666665
以為,action_words,動作詞,40,40,30.206378986866792,8|36,39.04353966666667,35.24612116666667,31.448706333333334,0.2904077208333333
披薩,food_drink,食物/飲料,40,28.664429530201343,25.57236842105263,8|36,34.32113925,30.090084083333334,25.85903225,0.2601087991666667
可樂,food_drink,食物/飲料,40,30.692005242463956,25.69805743243243,8|36,34.94794808333333,30.586997333333333,26.22604541666667,0.2524317958333333
蛋餅,food_drink,食物/飲料,40,29.762162162162163,26.235724743777453,8|36,34.89147333333333,30.685363666666667,26.4792515,0.2617204925
三明治,food_drink,食物/飲料,32.98837209302326,29.61572052401747,25.95362563237774,8|36,34.990662416666666,30.895459666666667,26.800259416666666,0.2688212
雞塊,food_drink,食物/飲料,40,30.4125,26.56930693069307,8|36,34.98842833333333,30.916630083333335,26.84483625,0.2703964875
醬油,food_drink,食物/飲料,35.975,30.89390519187359,25.646039603960396,8|36,35.24347041666667,30.983614916666667,26.723758,0.25844124
爆米花,food_drink,食物/飲料,34.90046535677352,30.237837837837837,26.080985915492956,8|36,35.23374833333333,31.0803595,26.9269715,0.26505512666666664
梨子,food_drink,食物/飲料,40,32.06671899529042,24.87649402390438,8|36,36.13236033333333,31.24540633333333,26.358451666666667,0.22526172333333333
冰棒,food_drink,食物/飲料,40,30.737430167597765,25.945652173913043,8|36,35.93815775,31.324583166666667,26.71100775,0.2385678675
口香糖,food_drink,食物/飲料,40,31.38317757009346,25.63403041825095,8|36,35.46571708333333,31.33977575,27.21383408333333,0.2668362425
奇異果,food_drink,食物/飲料,40,32.17913593256059,24.92548076923077,8|36,36.66042041666667,31.854987916666666,27.049554833333332,0.22913550916666667
豆子,food_drink,食物/飲料,40,31,24,8|36,37.47196708333333,32.03203425,26.592103416666667,0.20239869416666667
果醬,food_drink,食物/飲料,40,32.32786885245902,26.56930693069307,8|36,36.73894491666667,32.32111891666667,27.903291666666668,0.24927472583333332
檸檬,food_drink,食物/飲料,40,32.164888457807955,25.825949367088608,8|36,37.21280616666667,32.32228825,27.431768333333334,0.2250960775
蕃茄醬,food_drink,食物/飲料,40,30.823970037453183,27.42016806722689,8|36,36.889020583333334,32.542883583333335,28.196744416666668,0.2533481908333333
點心,food_drink,食物/飲料,40,32.35099793530626,27.432098765432094,8|36,36.94527191666667,32.60722258333333,28.269168583333332,0.2538668875
香瓜(哈密瓜),food_drink,食物/飲料,40,34.08728448275862,27,8|36,38.525966583333336,33.27497233333333,28.02398075,0.20972438666666668
起司(乳酪),food_drink,食物/飲料,40,32.60322580645161,24,8|36,39.122961,33.661544416666665,28.200129,0.201695145
火腿,food_drink,食物/飲料,40,32.67460317460318,29,8|36,38.11517175,33.82860408333333,29.542035583333334,0.257017945
馬鈴薯,food_drink,食物/飲料,40,32.83265306122449,27.730994152046783,8|36,38.63151275,33.895092,29.158670916666665,0.232548205
洋芋片,food_drink,食物/飲料,40,32.89983713355049,27.26595744680851,8|36,38.86281275,34.16997141666667,29.477129833333333,0.23475911833333332
食物,food_drink,食物/飲料,40,32.72516758074345,29.362934362934364,8|36,40.16582283333334,34.84963166666667,29.533441916666668,0.20729414666666668
菠菜,food_drink,食物/飲料,40,32.96422338568935,27.520833333333332,8|36,40.633164916666665,34.94356275,29.253955666666666,0.1936782325
南瓜,food_drink,食物/飲料,40,32.929228998849254,29.681159420289855,8|36,40.59984166666667,35.407060666666666,30.21427575,0.21227802166666668
餛飩,food_drink,食物/飲料,40,40,29.74015748031496,8|36,40.726113,35.7461595,30.766205166666666,0.22138792
動物,animals,動物,40,29.51648351648352,24.63953488372093,8|36,35.17072275,30.588050916666667,26.00538075,0.24019572166666667
蒼蠅,animals,動物,40,30.737430167597765,26.28395061728395,8|36,35.68554325,31.12673175,26.56791966666667,0.24148502666666666
鹿,animals,動物,40,28,23.7265625,8|36,36.957906666666666,31.181633,25.405355583333332,0.19060936083333332
松鼠,animals,動物,40,30,23.90691489361702,8|36,36.57909016666667,31.302435166666665,26.02578325,0.20866225666666666
鵝,animals,動物,40,31,23.19745222929936,8|36,37.29965541666667,31.383569583333333,25.467485333333332,0.18610682583333332
母雞,animals,動物,40,30.70063694267516,24.558943089430898,8|36,36.77033133333333,31.528237583333333,26.286146333333335,0.21000054333333334
鴿子,animals,動物,40,32.098379629629626,22.86206896551724,8|36,36.85644308333333,31.580770333333334,26.305095833333333,0.208715565
貓頭鷹,animals,動物,40,31.38317757009346,24.214424951267056,8|36,37.20237066666667,31.8126105,26.422847333333333,0.2042489975
鯊魚,animals,動物,40,31.52789699570815,25.825949367088608,8|36,36.643805916666665,31.958984583333333,27.274167666666667,0.23508818083333333
老鷹,animals,動物,40,33.365671641791046,25.50581395348837,8|36,37.51785591666667,32.44941308333333,27.380969166666667,0.21726464083333333
孔雀,animals,動物,40,40,27.23696682464455,8|36,39.8633195,34.204138666666665,28.544962666666667,0.19467988083333335
鸚鵡,animals,動物,40,40,27.684931506849313,8|36,41.64704116666667,35.71599116666667,29.78494525,0.18589162583333332
打雷,outside,戶外,34.78370786516854,30.318840579710145,25.57236842105263,8|36,34.657508666666665,30.340498083333333,26.023486166666668,0.25497135833333334
天空,outside,戶外,40,30.134969325153374,24.89869281045752,8|36,34.7085815,30.34166775,25.97475175,0.2520582633333333
土/泥土,outside,戶外,34.759375,30.483516483516485,25.276315789473685,8|36,34.689473,30.67689875,26.66432641666667,0.27432727583333333
雲,outside,戶外,40,30.67315716272601,24.855365474339035,8|36,35.60647683333333,31.082362833333335,26.558251,0.24335447166666666
棍子,outside,戶外,40,30.75263157894737,26.492217898832685,8|36,36.38899216666667,31.932833416666668,27.476677583333334,0.24711238916666667
彩虹,outside,戶外,40,32.21656050955414,26.70408163265306,8|36,36.718618166666666,32.167592666666664,27.616567916666668,0.24197463916666667
花園,outside,戶外,40,32.466072652501715,27.394736842105264,8|36,37.429242,33.03030716666667,28.631371583333333,0.2503874575
斑馬線,outside,戶外,40,32.69729286300246,29.29936305732484,8|36,37.6935405,33.48814375,29.282748416666667,0.26202338833333333
梯子,outside,戶外,40,32.88374291115312,27.59171597633136,8|36,38.053289916666664,33.54091075,29.028532666666667,0.24409864833333333
水管,outside,戶外,40,32.82574377656345,29.810344827586206,8|36,38.06055625,33.883227,29.705899583333334,0.2638229933333333
旗子,outside,戶外,40,32.9063214013709,28.46808510638298,8|36,38.76479741666667,34.142913416666666,29.521028416666667,0.23837390333333333
鏟子,outside,戶外,40,40,27.6198347107438,8|36,40.52407408333333,35.582086333333336,30.640098416666667,0.22312483666666666
吊車,vehicles,交通工具,40,30.42822384428224,25.612676056338028,8|36,35.84570308333333,31.122328916666667,26.398951583333332,0.23303734
直昇機,vehicles,交通工具,40,29.882037533512065,24.43193717277487,8|36,36.16434783333333,31.284338083333335,26.404327416666668,0.22558247416666666
三輪車,vehicles,交通工具,40,32.61460592913955,25.375,8|36,38.35381875,32.70316325,27.052509666666666,0.1949161175
禮物,toys,玩具,40,29.681159420289855,26.506032647267567,8|36,34.93217633333333,30.735449083333332,26.538721833333334,0.26233147916666666
球棒,toys,玩具,40,31,26.492217898832685,8|36,36.36528025,31.757023916666668,27.148766333333334,0.23896148583333332
手槍,toys,玩具,40,32.94313453536755,26.492217898832685,8|36,36.7408745,32.212427,27.683978416666665,0.24313223916666668
膠水,toys,玩具,40,32.32786885245902,27.42016806722689,8|36,36.407931166666664,32.35545475,28.30298133333333,0.2717491691666667
黏土,toys,玩具,40,32.44363256784969,26.79861111111111,8|36,37.23177375,32.77110783333333,28.310443166666666,0.24691050333333334
短褲,clothing,衣物,40,29.65148514851485,25.15953545232274,8|36,34.989660416666666,30.4882305,25.98679675,0.2445198675
珠珠,clothing,衣物,40,30.445193929173698,24,8|36,36.17799816666667,30.923824916666668,25.6696515,0.209497425
雨衣,clothing,衣物,40,30,27.160944206008583,8|36,35.08670425,30.960203416666666,26.833698666666667,0.266789655
項鍊,clothing,衣物,40,30.837370242214533,25.57236842105263,8|36,36.93294241666667,32.01924125,27.1055435,0.22411869833333334
睡衣(褲),clothing,衣物,40,32.49678550555231,27.23696682464455,8|36,37.086253416666665,32.38218083333334,27.67810825,0.23412384583333334
皮帶,clothing,衣物,40,32.65679330328397,27.178571428571427,8|36,37.804184916666664,33.07235983333333,28.340533583333333,0.23273041166666666
圍巾,clothing,衣物,40,32.60123784261715,27.6198347107438,8|36,38.02839766666666,33.37754408333333,28.726691666666667,0.236892645
泳衣,clothing,衣物,40,33.67884130982368,27.107758620689655,8|36,38.14591608333333,33.77368766666667,29.401459333333335,0.251990005
毛衣,clothing,衣物,40,32.97524154589372,27.883838383838384,8|36,38.80407833333334,34.425699916666666,30.047322916666666,0.25172687916666664
皮鞋,clothing,衣物,40,32.81626120358515,28,8|36,39.5853535,34.5213995,29.4574455,0.21761417083333334
腳趾頭,body_parts,身體部位,40,29.5875,24,8|36,36.0605555,30.505749583333333,24.95094033333333,0.19821639
下巴,body_parts,身體部位,40,29.61572052401747,22.6745182012848,8|36,35.7394395,30.514947666666668,25.290459333333335,0.21072609583333332
嘴唇,body_parts,身體部位,40,29.681159420289855,22.837937384898712,8|36,35.51667891666666,30.67830475,25.839927333333332,0.22751994166666667
膝蓋,body_parts,身體部位,40,29.762162162162163,23.75609756097561,8|36,36.11161716666667,31.094810416666668,26.077999833333333,0.21944451416666666
肩膀,body_parts,身體部位,40,30,24,8|36,36.198872916666666,31.394469416666666,26.590066583333332,0.22912585
大腿,body_parts,身體部位,40,32.82869080779944,23.784541723666212,8|36,38.14457816666667,32.66694966666667,27.189320416666668,0.201066125
小腿,body_parts,身體部位,40,33.279661016949156,27.520833333333332,8|36,39.49987016666667,34.09827241666667,28.696677416666667,0.20394643083333333
手臂,body_parts,身體部位,40,40,27.566037735849054,8|36,40.09275241666667,34.719004,29.345258666666666,0.20508100916666666
櫃子,furniture_rooms,家具/房間,40,29.854545454545455,25.612676056338028,8|36,35.191483,31.093815666666668,26.996149,0.26864004166666666
水槽(洗手檯),furniture_rooms,家具/房間,40,30.555205047318612,26.16546762589928,8|36,35.542144916666665,31.106448583333332,26.670749666666666,0.24815602333333334
臥(房)室,furniture_rooms,家具/房間,40,30.651851851851852,27.146484375,8|36,37.0165925,31.962372,26.908148833333332,0.21782584416666667
衣櫥,furniture_rooms,家具/房間,40,32.30384271671135,27.08992805755396,8|36,36.559223333333335,32.2238285,27.888437083333333,0.25397085
浴缸,furniture_rooms,家具/房間,40,32.378787878787875,27.35211267605634,8|36,37.05937791666667,32.73458933333333,28.409799166666666,0.25471170416666666
餐桌,furniture_rooms,家具/房間,40,32.780413159908186,27.66176470588235,8|36,37.495704,33.01658575,28.537470083333332,0.24587149416666668
嬰兒床,furniture_rooms,家具/房間,40,32.76836158192091,28,8|36,38.9259255,33.77404875,28.622174916666665,0.2137854
微波爐,furniture_rooms,家具/房間,40,34.85634328358209,28.305555555555557,8|36,38.70462366666667,34.35418075,30.00373525,0.253311125
陽台,furniture_rooms,家具/房間,40,32.961357210179074,29.279761904761905,8|36,39.053086916666665,34.418705083333336,29.784323,0.23771568583333333
瓶子,household,家庭用品,32.98107109879963,29.561752988047807,24.37162162162162,8|36,34.398470333333336,30.032764666666665,25.6670555,0.25213148416666664
盒子,household,家庭用品,35.875,29.681159420289855,24.37162162162162,8|36,34.3051725,30.148467416666666,25.991763416666668,0.2647837616666667
拖把,household,家庭用品,40,27.95137420718816,24.747282608695652,8|36,34.88113166666667,30.486450916666666,26.091770583333332,0.250444125
水桶,household,家庭用品,40,29.561752988047807,25.070048309178745,8|36,34.9268695,30.551128583333334,26.17538825,0.2515042966666667
鍋子,household,家庭用品,40,31,23.81064021641118,8|36,35.390984833333334,30.648118416666666,25.905251416666665,0.23209417833333335
籃子,household,家庭用品,40,29.810344827586206,25.964146023468057,8|36,35.406329166666666,31.164768916666667,26.923205583333335,0.2594967458333333
刷子,household,家庭用品,40,30,25.57236842105263,8|36,35.870969583333334,31.442762666666667,27.014557333333332,0.2486063225
收音機/音響,household,家庭用品,40,30.651851851851852,26.116751269035532,8|36,36.138697416666666,31.45532725,26.771955333333334,0.23505050916666667
插頭,household,家庭用品,40,31.736526946107784,26.480597014925372,8|36,36.08606025,31.76724975,27.448438166666666,0.25490554416666666
玻璃(玻璃杯),household,家庭用品,40,32.3485392106612,27.31779661016949,8|36,36.63356316666667,32.21143083333333,27.789296333333333,0.24899227333333332
罐子,household,家庭用品,40,33.47530864197531,27.634920634920636,8|36,37.521655,32.99078875,28.45992375,0.2431163225
圖片,household,家庭用品,40,32.49382716049383,29,8|36,38.35824925,33.47600858333333,28.593766583333334,0.22567633666666667
電鍋,household,家庭用品,40,32.60322580645161,28.56896551724138,8|36,38.54536683333333,33.554048333333334,28.56272975,0.22064869833333334
釘子,household,家庭用品,40,40,30.219269102990033,8|36,39.89725166666667,35.48842375,31.07959475,0.2501504958333333
好的,descriptive_words,描述詞,40,29.545806451612904,24.669710806697108,8|36,34.450847333333336,30.151462,25.852074166666668,0.255999825
黏黏的,descriptive_words,描述詞,34.95235148514851,29.470941883767537,24,8|36,34.33898816666667,30.15662125,25.974256166666667,0.26317445083333335
快樂的/高興的,descriptive_words,描述詞,32.79081632653061,29.681159420289855,25.455762514551804,8|36,34.75896241666667,30.222523083333332,25.686082083333332,0.24260553916666666
好硬/硬硬的,descriptive_words,描述詞,40,29.94125500667557,24.579819277108435,8|36,34.65521758333333,30.250695666666665,25.846176333333332,0.24993897833333334
好快/快的,descriptive_words,描述詞,32.79081632653061,29.554806070826302,25.725,8|36,34.04396391666667,30.2662345,26.488500166666668,0.29138347166666667
黃色的,descriptive_words,描述詞,40,29.78896882494005,24.63953488372093,8|36,34.45539275,30.267495416666666,26.0795995,0.26279425666666667
長長的,descriptive_words,描述詞,40,29.727554179566564,25.945652173913043,8|36,34.60411991666667,30.629879083333332,26.655637166666665,0.2769287366666667
好吵/吵鬧的,descriptive_words,描述詞,40,29.762162162162163,25.612676056338024,8|36,34.67487066666666,30.70628175,26.73769175,0.27743801083333336
醒了/醒著,descriptive_words,描述詞,32.89499146272055,29.41592920353982,26.420965058236273,8|36,34.855328,30.762736333333333,26.670144666666666,0.2689533508333333
好苦/苦苦的,descriptive_words,描述詞,40,30.272445820433436,24.71296296296296,8|36,35.3781095,30.773190666666668,26.16827575,0.23904785333333334
乾淨的,descriptive_words,描述詞,32.987131198995606,29.895238095238096,25.345238095238095,8|36,34.843578666666666,30.799156583333332,26.754732916666665,0.27213913916666665
綠色的,descriptive_words,描述詞,40,29.71938775510204,25.776785714285715,8|36,35.02162533333333,30.81118358333333,26.600739166666667,0.26144942250000003
白色的,descriptive_words,描述詞,40,30,26.381516587677726,8|36,35.33917808333333,31.099753916666668,26.860334,0.25970537833333335
藍藍的/藍色的,descriptive_words,描述詞,40,30,26.480597014925372,8|36,35.45497666666667,31.158886916666667,26.862796833333334,0.25625701
新的,descriptive_words,描述詞,40,30.4125,25.895198170731707,8|36,35.18438391666667,31.299359583333334,27.41433325,0.2834115383333333
好軟/軟軟的,descriptive_words,描述詞,40,30.823970037453183,26.480597014925372,8|36,35.2967025,31.30118775,27.30567025,0.27550755666666665
好慢/慢慢的,descriptive_words,描述詞,40,32.10077059869591,26.136904761904763,8|36,35.34432116666667,31.35126575,27.358211416666666,0.27574964
三角形的,descriptive_words,描述詞,40,31,25.467741935483872,8|36,36.143604333333336,31.464280083333332,26.784953916666666,0.235286005
第一/第一名,descriptive_words,描述詞,40,30.84887459807074,26.79861111111111,8|36,35.982192833333336,31.662229166666666,27.3422695,0.25484688666666666
空空的,descriptive_words,描述詞,40,32.20082693443591,26.20909090909091,8|36,37.05308216666667,31.83909475,26.625111666666665,0.21112624833333332
討厭的,descriptive_words,描述詞,40,32.43433827286663,29.191836734693876,8|36,37.20383158333333,33.04957975,28.895325916666668,0.2650836
乾乾的,descriptive_words,描述詞,40,32.65679330328397,29.46078431372549,8|36,37.893137333333335,33.79343716666666,29.693737333333335,0.26875152916666667
長方形的,descriptive_words,描述詞,40,32.69065583284968,29.24736842105263,8|36,38.78620458333334,34.43879675,30.09138816666667,0.25350160916666664
可憐的,descriptive_words,描述詞,40,40,29.204052098408106,8|36,39.28055366666667,34.681114666666666,30.081674416666665,0.23960011666666667
傷心的/難過的,descriptive_words,描述詞,40,40,29.39662447257384,8|36,39.03703816666667,34.754314666666666,30.471585416666667,0.2573611275
夠了,descriptive_words,描述詞,40,34.880434782608695,29.660112359550563,8|36,39.04950041666667,34.91832741666666,30.78715083333333,0.2668871325
滿滿的,descriptive_words,描述詞,40,40,29.96245733788396,8|36,39.36348758333333,35.22858958333333,31.09369025,0.2666949225
安靜的,descriptive_words,描述詞,40,40,29.810344827586206,8|36,39.582994,35.30997283333333,31.036949916666668,0.258010935
全部(通通),quantifiers,數量詞,32.84032354703415,29.57177615571776,25.612676056338028,8|36,33.63149216666667,30.131227833333334,26.630960416666667,0.3143985633333333
這些,quantifiers,數量詞,40,32.52509652509652,27.35211267605634,8|36,36.924309083333334,32.90257525,28.88084175,0.27389803166666665
也有、也是,quantifiers,數量詞,40,32.74375,27.42016806722689,8|36,37.37343625,33.11615141666667,28.858867166666666,0.25871638166666666
一半(半個),quantifiers,數量詞,40,32.780413159908186,28.369747899159663,8|36,37.232748,33.123258,29.0137695,0.26803337083333334
一樣多,quantifiers,數量詞,40,32.5180670439704,28,8|36,37.66947483333333,33.46443566666667,29.25939725,0.26193191833333335
那些,quantifiers,數量詞,40,32.85304659498208,28,8|36,38.35322175,34.23520175,30.117183,0.267620725
更多,quantifiers,數量詞,40,40,29.793621013133208,8|36,39.660418166666666,35.646175,31.63193025,0.27483109916666665
旁邊,locations,位置,34.98300970873787,29.681159420289855,25.095394736842103,8|36,34.367770666666665,30.104114583333335,25.84045825,0.258148485
在…上面,locations,位置,40,30.157706093189965,26.116751269035532,8|36,35.203458833333336,30.884042,26.564628333333335,0.25486370333333336
在…下面,locations,位置,40,30.62757527733756,26.626074498567338,8|36,35.77403875,31.506333833333333,27.238629083333333,0.25802130666666667
在…前面,locations,位置,40,30.823970037453183,26.235724743777453,8|36,36.36233691666666,31.802004583333332,27.24167275,0.24138915
在…外面,locations,位置,40,30.867605633802818,26.420965058236273,8|36,36.47781558333333,31.924447916666665,27.371081166666666,0.24176086166666666
…的…,locations,位置,40,30.911487758945388,25.74007561436673,8|36,36.295344,31.928030916666668,27.560719666666667,0.2521065883333333
在…後面,locations,位置,40,32.44363256784969,26.592505854800937,8|36,36.65388375,32.24608941666666,27.838295416666668,0.24985758666666666
在…旁邊,locations,位置,40,32.44363256784969,27.153374233128833,8|36,37.06272583333333,32.6873505,28.311975333333333,0.25166251
到…裡,locations,位置,40,32.44363256784969,26.833969465648856,8|36,37.49195891666667,32.8200075,28.148058916666667,0.23569688333333333
向(往)上,locations,位置,40,34.65439856373429,29.810344827586206,8|36,39.63565875,34.62702041666667,29.618382,0.22006918083333332
向(往)下,locations,位置,40,34.65439856373429,29.82456140350877,8|36,39.58547733333333,34.671899,29.75831841666667,0.22430185583333334
在…中間,locations,位置,40,40,30.167088607594938,8|36,39.346800333333334,35.05811691666667,30.769432666666667,0.25694534583333334
商店/百貨公司,places,地點,34.71497722095672,27.953815261044177,26.31630648330059,8|36,34.61565041666667,30.520386416666668,26.425126666666667,0.26878389333333336
海,places,地點,40,32,25.917168674698793,8|36,35.87530841666667,31.373821166666666,26.872333333333334,0.24453369333333333
停車場,places,地點,40,30.38427947598253,26.420965058236273,8|36,35.2939795,31.451613833333333,27.609248416666667,0.286517235
火車站(車站),places,地點,40,30.789237668161434,27.31172069825437,8|36,35.60074475,31.503060666666666,27.405376583333332,0.26865510583333335
餐廳,places,地點,40,32.267857142857146,27.26595744680851,8|36,36.00992541666667,32.109307333333334,28.20869125,0.28231158
XX園(某遊戲樂園名稱),places,地點,40,32.71328671328671,26.592505854800937,8|36,36.65555033333333,32.38615325,28.1167525,0.2579077625
教堂/廟,places,地點,40,32.83265306122449,25.522696929238982,8|36,37.99087825,32.78581208333333,27.580747583333334,0.21159630416666667
游泳池,places,地點,40,33.6015625,27.178571428571427,8|36,37.39971166666667,33.169153333333334,28.938597916666666,0.2603774875
郵局,places,地點,40,33.86378205128205,27.38314176245211,8|36,38.04137883333333,33.561354,29.081330583333333,0.24593819166666667
山上,places,地點,40,34.92045454545455,29.646788990825687,8|36,38.35568816666667,34.204457,30.0532255,0.2655189675
河,places,地點,40,34.92045454545455,29.49266247379455,8|36,39.60468758333333,34.7384835,29.87227775,0.22641287333333332
運動場/操場,places,地點,40,34.940402476780186,27.684931506849313,8|36,39.5429895,34.878432833333335,30.21387475,0.23624832416666666
遊樂園,places,地點,40,40,30.25984251968504,8|36,39.55225791666667,35.226416,30.90057275,0.25479818
大樓,places,地點,40,40,30.318840579710145,8|36,39.78779733333333,35.44106791666667,31.094338,0.25373350666666666
圖書館,places,地點,40,40,30.226337448559672,8|36,40.4193835,35.656977,30.89456825,0.23148636833333333
早上,time_words,時間詞,32.938805970149254,28.887892376681613,24.747282608695652,8|36,34.05054366666667,30.01521675,25.979890833333332,0.27271417666666664
今天,time_words,時間詞,32.89698492462312,29.727554179566564,25.879173989455182,8|36,33.41129216666667,30.027806583333334,26.644322166666665,0.32529739166666666
白天,time_words,時間詞,32.97945891783567,29.810344827586206,25.776785714285715,8|36,33.83199775,30.200643666666668,26.569291083333333,0.30310289083333336
已經,time_words,時間詞,34.97355769230769,30.651851851851852,27,8|36,35.049913833333335,31.34614775,27.642382833333333,0.297212995
明天,time_words,時間詞,40,30.924071082390952,27.8130081300813,8|36,35.439137333333335,31.889985583333335,28.340832083333332,0.3102526925
下次,time_words,時間詞,40,32.108695652173914,27.449101796407184,8|36,36.1820345,32.201259916666665,28.22048275,0.2765403325
現在,time_words,時間詞,40,32.495466321243526,27.153374233128833,8|36,36.6818105,32.483474083333334,28.285139583333333,0.26229046083333335
昨天,time_words,時間詞,40,32.70320579110651,30.04943820224719,8|36,36.933736083333336,33.487124,30.040510333333334,0.3197941275
中午,time_words,時間詞,40,32.72516758074345,30.283704572098475,8|36,37.88671375,34.04024825,30.193784166666667,0.28650156583333336
上次,time_words,時間詞,40,32.953984287317624,29.70943396226415,8|36,37.64585066666667,34.12680041666667,30.60774925,0.3130505608333333
晚(一點),time_words,時間詞,40,34.35770363101079,29.914396887159533,8|36,38.2909475,34.38035025,30.469753583333333,0.281905095
早(一點),time_words,時間詞,40,34.195337620578776,29.850678733031675,8|36,38.87610225,34.57212116666667,30.26813625,0.25599227
這次,time_words,時間詞,40,34.65439856373429,30.134969325153374,8|36,38.63395358333333,34.648763333333335,30.66357275,0.27669359083333334
以前,time_words,時間詞,40,40,30.07236842105263,8|36,38.966937916666666,35.31014808333333,31.65335525,0.30154809833333335
星期…,time_words,時間詞,40,40,30.795947901591894,8|36,39.313727916666664,35.64325925,31.972790333333332,0.30059746833333334
以後,time_words,時間詞,40,40,31.271523178807943,8|36,39.83857808333333,35.828288,31.81799566666667,0.2751225291666667
(還有)呢？,question_words,疑問詞,40,28.860335195530727,24.515625,8|36,34.51443033333333,30.179889333333332,25.845347,0.25390995666666666
幾個？,question_words,疑問詞,34.820093457943926,29.46078431372549,26.556687898089173,8|36,34.363088166666664,30.703390250000002,27.043690666666667,0.30078209083333335
哪一個？,question_words,疑問詞,40,29.71366594360087,26.640866873065015,8|36,34.931216416666665,31.08314275,27.235066166666666,0.286125635
幾點？,question_words,疑問詞,40,32.589368258859785,27.76530612244898,8|36,37.65840933333333,33.5346675,29.410926083333333,0.2670833
多少？,question_words,疑問詞,40,32.76330981398332,29.549707602339183,8|36,37.89266283333333,34.105840083333334,30.319018083333333,0.29103666833333336
因為,connecting_words,連接詞,40,30.84887459807074,28.080882352941178,8|36,35.71074616666667,32.06618066666667,28.42161533333333,0.3021655575
可是,connecting_words,連接詞,40,32.08985200845666,28,8|36,35.8451945,32.375759083333335,28.906322083333333,0.3174450266666667
…就…,connecting_words,連接詞,40,32.474065811489126,28.22680412371134,8|36,36.570499833333336,32.825333,29.080163,0.2940566666666667
先…然後…,connecting_words,連接詞,40,32.780413159908186,29.14114114114114,8|36,38.35905675,34.427661083333334,30.496264083333333,0.28035522166666665
後來,connecting_words,連接詞,40,32.972409152086136,29.810344827586206,8|36,38.23985375,34.5760365,30.912220333333334,0.30094182166666666
所以,connecting_words,連接詞,40,40,29.944723618090453,8|36,38.994282750000004,35.14963491666666,31.304985333333335,0.2867244566666667
褓母(奶媽),people,人物,40,40,29.60411311053985,8|36,46.057299083333334,38.342556083333335,30.627812583333334,0.14304179916666668
蚯蚓,animals,動物,40,40,30.4618320610687,8|36,41.44888591666667,36.261017,31.073147416666668,0.21255760583333333
時間,time_words,時間詞,40,40,32.095362752430816,8|36,40.250190833333335,36.12912633333333,32.008062,0.267778685
如果,connecting_words,連接詞,40,40,31,8|36,39.68059783333333,36.100384,32.52016966666667,0.30815019666666665
