definition,category,category_zh,age.75,age.50,age.25,n,age_distr_base,age_distr,age_distr_prob,age_rng
爸爸/爹地,people,人物,8,8,8,716,86|79|78|79|80|78|81|106|90,81|76|72|70|72|76|80|103|86,94|96|92|89|90|97|99|97|96,8|16
媽媽/媽咪,people,人物,8,8,8,729,86|79|78|79|80|78|81|106|90,83|77|72|75|74|78|79|104|87,97|97|92|95|92|100|98|98|97,8|16
自己的名字,people,人物,8,8,8,643,86|79|78|79|80|78|81|106|90,73|72|61|65|70|61|69|94|78,85|91|78|82|88|78|85|89|87,8|16
奶奶,people,人物,14.88417540514776,8,8,490,86|79|78|79|80|78|81|106|90,58|55|45|41|41|53|52|81|64,67|70|58|52|51|68|64|76|71,8|16
爺爺,people,人物,16,8,8,426,86|79|78|79|80|78|81|106|90,47|50|35|35|38|50|46|68|57,55|63|45|44|48|64|57|64|63,8|16
小寶寶(小貝比),people,人物,16,8,8,349,86|79|78|79|80|78|81|106|90,43|45|25|28|26|31|36|64|51,50|57|32|35|32|40|44|60|57,8|16
姊姊,people,人物,16,8.123824451410659,8,376,86|79|78|79|80|78|81|106|90,42|46|24|23|34|37|48|66|56,49|58|31|29|42|47|59|62|62,8|16
哥哥,people,人物,16,8.524336283185841,8,359,86|79|78|79|80|78|81|106|90,40|42|27|19|29|42|48|59|53,47|53|35|24|36|54|59|56|59,8|16
阿姨(姨媽),people,人物,16,8.742735042735042,8,326,86|79|78|79|80|78|81|106|90,32|43|27|23|22|31|35|56|57,37|54|35|29|28|40|43|53|63,8|16
外婆,people,人物,16,14.164086687306503,8,350,86|79|78|79|80|78|81|106|90,39|34|31|29|25|36|39|63|54,45|43|40|37|31|46|48|59|60,8|16
外公,people,人物,16,14.8056,8,293,86|79|78|79|80|78|81|106|90,31|31|25|20|21|30|31|56|48,36|39|32|25|26|38|38|53|53,8|16
姑姑,people,人物,16,16,8,242,86|79|78|79|80|78|81|106|90,23|25|16|16|20|29|31|37|45,27|32|21|20|25|37|38|35|50,8|16
舅舅,people,人物,16,16,8,234,86|79|78|79|80|78|81|106|90,25|30|20|11|12|24|30|49|33,29|38|26|14|15|31|37|46|37,8|16
小朋友,people,人物,16,16,8,201,86|79|78|79|80|78|81|106|90,29|28|14|12|15|20|17|36|30,34|35|18|15|19|26|21|34|33,8|16
家人的名字,people,人物,16,16,8,165,86|79|78|79|80|78|81|106|90,22|23|14|11|12|12|17|33|21,26|29|18|14|15|15|21|31|23,8|16
寵物的名字,people,人物,16,16,8,156,86|79|78|79|80|78|81|106|90,22|17|9|16|7|16|19|33|17,26|22|12|20|9|21|23|31|19,8|16
你的,people,人物,16,16,8.524336283185841,129,86|79|78|79|80|78|81|106|90,20|21|7|7|4|12|12|23|23,23|27|9|9|5|15|15|22|26,8|16
我的,people,人物,16,16,8.55984251968504,130,86|79|78|79|80|78|81|106|90,17|23|5|8|5|12|13|24|23,20|29|6|10|6|15|16|23|26,8|16
你,people,人物,16,16,8.795021186440678,111,86|79|78|79|80|78|81|106|90,12|22|5|11|5|11|10|16|19,14|28|6|14|6|14|12|15|21,8|16
妹妹,people,人物,16,16,8.826892109500806,176,86|79|78|79|80|78|81|106|90,15|21|11|11|5|16|31|33|33,17|27|14|14|6|21|38|31|37,8|16
我,people,人物,16,16,8.862002567394095,122,86|79|78|79|80|78|81|106|90,13|21|5|12|5|12|13|18|23,15|27|6|15|6|15|16|17|26,8|16
伯伯,people,人物,16,16,8.927852348993287,142,86|79|78|79|80|78|81|106|90,18|20|8|8|8|14|16|26|24,21|25|10|10|10|18|20|25|27,8|16
叔叔,people,人物,16,16,13.448339483394834,182,86|79|78|79|80|78|81|106|90,15|19|11|15|11|15|26|40|30,17|24|14|19|14|19|32|38|33,8|16
弟弟,people,人物,16,16,13.448339483394834,163,86|79|78|79|80|78|81|106|90,17|16|5|9|7|15|26|34|34,20|20|6|11|9|19|32|32|38,8|16
褓母(奶媽),people,人物,16,16,15.5859375,136,86|79|78|79|80|78|81|106|90,18|14|6|13|11|13|13|24|24,21|18|8|16|14|17|16|23|27,8|16
醫生,people,人物,16,16,16,114,86|79|78|79|80|78|81|106|90,14|19|10|7|6|12|9|19|18,16|24|13|9|8|15|11|18|20,8|16
他,people,人物,16,16,16,57,86|79|78|79|80|78|81|106|90,8|11|3|5|0|4|5|12|9,9|14|4|6|0|5|6|11|10,8|16
他的,people,人物,16,16,16,67,86|79|78|79|80|78|81|106|90,10|11|3|5|2|5|7|14|10,12|14|4|6|2|6|9|13|11,8|16
再見(byebye),games_routines,遊戲/日常生活,8,8,8,691,86|79|78|79|80|78|81|106|90,81|78|55|69|74|74|75|100|85,94|99|71|87|92|95|93|94|94,8|16
拍拍手,games_routines,遊戲/日常生活,8,8,8,641,86|79|78|79|80|78|81|106|90,77|71|56|58|71|68|73|95|72,90|90|72|73|89|87|90|90|80,8|16
吃飯,games_routines,遊戲/日常生活,8.169527896995708,8,8,492,86|79|78|79|80|78|81|106|90,63|66|36|35|44|55|55|74|64,73|84|46|44|55|71|68|70|71,8|16
洗澡,games_routines,遊戲/日常生活,8.647540983606557,8,8,501,86|79|78|79|80|78|81|106|90,61|61|42|40|47|53|55|79|63,71|77|54|51|59|68|68|75|70,8|16
謝謝,games_routines,遊戲/日常生活,8.8169099756691,8,8,483,86|79|78|79|80|78|81|106|90,56|61|32|27|43|55|58|80|71,65|77|41|34|54|71|72|75|79,8|16
換尿布,games_routines,遊戲/日常生活,14.366022099447514,8,8,534,86|79|78|79|80|78|81|106|90,64|58|49|48|54|54|57|88|62,74|73|63|61|68|69|70|83|69,8|16
睡覺,games_routines,遊戲/日常生活,14.83616504854369,8,8,502,86|79|78|79|80|78|81|106|90,64|58|43|33|46|57|51|82|68,74|73|55|42|57|73|63|77|76,8|16
哈囉(嗨),games_routines,遊戲/日常生活,16,8,8,366,86|79|78|79|80|78|81|106|90,43|35|26|31|33|40|49|62|47,50|44|33|39|41|51|60|58|52,8|16
讀書(看書),games_routines,遊戲/日常生活,16,8,8,305,86|79|78|79|80|78|81|106|90,43|45|21|20|22|32|26|53|43,50|57|27|25|28|41|32|50|48,8|16
跳舞,games_routines,遊戲/日常生活,16,8,8,410,86|79|78|79|80|78|81|106|90,55|55|22|23|41|48|40|69|57,64|70|28|29|51|62|49|65|63,8|16
看電視,games_routines,遊戲/日常生活,16,8,8,375,86|79|78|79|80|78|81|106|90,54|53|24|32|31|38|35|63|45,63|67|31|41|39|49|43|59|50,8|16
打電話,games_routines,遊戲/日常生活,16,8,8,410,86|79|78|79|80|78|81|106|90,57|53|20|22|39|46|47|68|58,66|67|26|28|49|59|58|64|64,8|16
躲貓貓,games_routines,遊戲/日常生活,16,8,8,368,86|79|78|79|80|78|81|106|90,46|42|24|27|31|41|42|63|52,53|53|31|34|39|53|52|59|58,8|16
刷牙,games_routines,遊戲/日常生活,16,8.67738478027867,8,250,86|79|78|79|80|78|81|106|90,35|43|12|12|13|15|24|48|48,41|54|15|15|16|19|30|45|53,8|16
唱歌,games_routines,遊戲/日常生活,16,14.604234527687296,8,295,86|79|78|79|80|78|81|106|90,34|35|20|19|23|30|37|56|41,40|44|26|24|29|38|46|53|46,8|16
噓/噓噓(安靜),games_routines,遊戲/日常生活,16,16,8,234,86|79|78|79|80|78|81|106|90,29|29|15|13|15|24|27|43|39,34|37|19|16|19|31|33|41|43,8|16
逛街/買東西,games_routines,遊戲/日常生活,16,16,8,162,86|79|78|79|80|78|81|106|90,22|26|8|10|12|17|17|28|22,26|33|10|13|15|22|21|26|24,8|16
玩遊戲,games_routines,遊戲/日常生活,16,16,8,209,86|79|78|79|80|78|81|106|90,27|28|11|16|11|18|25|36|37,31|35|14|20|14|23|31|34|41,8|16
上廁所(尿尿、便便),games_routines,遊戲/日常生活,16,16,8,210,86|79|78|79|80|78|81|106|90,26|26|15|18|11|19|26|37|32,30|33|19|23|14|24|32|35|36,8|16
開車,games_routines,遊戲/日常生活,16,16,8,195,86|79|78|79|80|78|81|106|90,31|34|9|9|11|15|16|36|34,36|43|12|11|14|19|20|34|38,8|16
晚安,games_routines,遊戲/日常生活,16,16,8.207894736842105,168,86|79|78|79|80|78|81|106|90,20|25|9|10|8|19|15|34|28,23|32|12|13|10|24|19|32|31,8|16
對不起,games_routines,遊戲/日常生活,16,16,16,103,86|79|78|79|80|78|81|106|90,13|10|7|6|2|11|9|25|20,15|13|9|8|2|14|11|24|22,8|16
抱(抱),action_words,動作詞,8,8,8,724,86|79|78|79|80|78|81|106|90,77|78|72|71|77|77|81|103|88,90|99|92|90|96|99|100|97|98,8|16
吃,action_words,動作詞,8,8,8,640,86|79|78|79|80|78|81|106|90,67|76|55|64|66|65|71|93|83,78|96|71|81|82|83|88|88|92,8|16
不要,action_words,動作詞,8,8,8,564,86|79|78|79|80|78|81|106|90,72|70|44|42|59|65|61|85|66,84|89|56|53|74|83|75|80|73,8|16
拍(手),action_words,動作詞,8,8,8,652,86|79|78|79|80|78|81|106|90,81|74|58|66|71|72|67|91|72,94|94|74|84|89|92|83|86|80,8|16
來,action_words,動作詞,8,8,8,546,86|79|78|79|80|78|81|106|90,68|65|40|49|57|57|58|85|67,79|82|51|62|71|73|72|80|74,8|16
不可以/不行,action_words,動作詞,8.063709677419356,8,8,528,86|79|78|79|80|78|81|106|90,64|66|46|47|51|59|54|80|61,74|84|59|59|64|76|67|75|68,8|16
走/散步,action_words,動作詞,8.394641235240691,8,8,471,86|79|78|79|80|78|81|106|90,59|67|29|32|39|45|53|85|62,69|85|37|41|49|58|65|80|69,8|16
親,action_words,動作詞,8.42807881773399,8,8,475,86|79|78|79|80|78|81|106|90,59|66|32|33|47|53|52|74|59,69|84|41|42|59|68|64|70|66,8|16
要,action_words,動作詞,8.699440820130475,8,8,424,86|79|78|79|80|78|81|106|90,55|63|27|29|32|46|50|65|57,64|80|35|37|40|59|62|61|63,8|16
坐,action_words,動作詞,8.901826484018265,8,8,441,86|79|78|79|80|78|81|106|90,57|60|29|33|33|47|47|75|60,66|76|37|42|41|60|58|71|67,8|16
是/對/好,action_words,動作詞,16,8,8,346,86|79|78|79|80|78|81|106|90,48|48|20|19|23|36|40|59|53,56|61|26|24|29|46|49|56|59,8|16
打,action_words,動作詞,16,8,8,445,86|79|78|79|80|78|81|106|90,52|53|30|33|40|56|45|78|58,60|67|38|42|50|72|56|74|64,8|16
洗,action_words,動作詞,16,8,8,345,86|79|78|79|80|78|81|106|90,49|41|25|21|28|33|41|62|45,57|52|32|27|35|42|51|58|50,8|16
喝,action_words,動作詞,16,8,8,443,86|79|78|79|80|78|81|106|90,53|56|33|41|38|41|45|75|61,62|71|42|52|48|53|56|71|68,8|16
哭,action_words,動作詞,16,8,8,391,86|79|78|79|80|78|81|106|90,46|48|28|31|35|43|44|67|49,53|61|36|39|44|55|54|63|54,8|16
看,action_words,動作詞,16,8,8,394,86|79|78|79|80|78|81|106|90,52|52|27|29|33|42|40|69|50,60|66|35|37|41|54|49|65|56,8|16
咬,action_words,動作詞,16,8,8,351,86|79|78|79|80|78|81|106|90,48|45|28|30|32|33|35|56|44,56|57|36|38|40|42|43|53|49,8|16
拿,action_words,動作詞,16,8,8,415,86|79|78|79|80|78|81|106|90,59|55|30|28|37|41|47|65|53,69|70|38|35|46|53|58|61|59,8|16
打開,action_words,動作詞,16,8,8,331,86|79|78|79|80|78|81|106|90,49|49|17|18|25|33|35|57|48,57|62|22|23|31|42|43|54|53,8|16
去,action_words,動作詞,16,8,8,290,86|79|78|79|80|78|81|106|90,46|44|14|19|17|26|29|54|41,53|56|18|24|21|33|36|51|46,8|16
不是/不對/不好,action_words,動作詞,16,8,8,314,86|79|78|79|80|78|81|106|90,46|44|20|18|27|34|30|56|39,53|56|26|23|34|44|37|53|43,8|16
撿,action_words,動作詞,16,8,8,301,86|79|78|79|80|78|81|106|90,52|48|17|13|17|25|31|57|41,60|61|22|16|21|32|38|54|46,8|16
握手,action_words,動作詞,16,8,8,405,86|79|78|79|80|78|81|106|90,48|56|24|35|37|42|49|64|50,56|71|31|44|46|54|60|60|56,8|16
敲,action_words,動作詞,16,8,8,316,86|79|78|79|80|78|81|106|90,51|41|18|27|25|29|36|49|40,59|52|23|34|31|37|44|46|44,8|16
丟,action_words,動作詞,16,8,8,325,86|79|78|79|80|78|81|106|90,46|42|21|24|26|31|40|52|43,53|53|27|30|32|40|49|49|48,8|16
牽(手),action_words,動作詞,16,8,8,339,86|79|78|79|80|78|81|106|90,45|54|17|20|25|30|33|68|47,52|68|22|25|31|38|41|64|52,8|16
玩,action_words,動作詞,16,8.220362622036262,8,272,86|79|78|79|80|78|81|106|90,41|46|18|20|21|22|28|40|36,48|58|23|25|26|28|35|38|40,8|16
穿,action_words,動作詞,16,8.32882414151925,8,305,86|79|78|79|80|78|81|106|90,39|47|19|18|25|27|30|53|47,45|59|24|23|31|35|37|50|52,8|16
笑,action_words,動作詞,16,8.423592493297587,8,367,86|79|78|79|80|78|81|106|90,41|42|31|30|31|34|36|67|55,48|53|40|38|39|44|44|63|61,8|16
給,action_words,動作詞,16,14.820796460176991,8,273,86|79|78|79|80|78|81|106|90,41|38|16|14|17|25|30|56|36,48|48|21|18|21|32|37|53|40,8|16
關,action_words,動作詞,16,16,8,216,86|79|78|79|80|78|81|106|90,35|30|12|12|10|17|20|46|34,41|38|15|15|12|22|25|43|38,8|16
跳,action_words,動作詞,16,16,8,201,86|79|78|79|80|78|81|106|90,26|25|12|13|17|20|21|38|29,30|32|15|16|21|26|26|36|32,8|16
跌倒,action_words,動作詞,16,16,8,219,86|79|78|79|80|78|81|106|90,33|37|12|11|12|20|23|44|27,38|47|15|14|15|26|28|42|30,8|16
吹,action_words,動作詞,16,16,8,194,86|79|78|79|80|78|81|106|90,25|33|10|13|10|17|17|38|31,29|42|13|16|12|22|21|36|34,8|16
擦,action_words,動作詞,16,16,8,209,86|79|78|79|80|78|81|106|90,29|33|12|7|9|17|24|45|33,34|42|15|9|11|22|30|42|37,8|16
好了,action_words,動作詞,16,16,8,245,86|79|78|79|80|78|81|106|90,33|36|17|12|18|26|22|43|38,38|46|22|15|22|33|27|41|42,8|16
快點/快一點,action_words,動作詞,16,16,8,157,86|79|78|79|80|78|81|106|90,22|17|11|14|7|13|19|33|21,26|22|14|18|9|17|23|31|23,8|16
摸,action_words,動作詞,16,16,8,229,86|79|78|79|80|78|81|106|90,32|30|18|16|14|21|22|44|32,37|38|23|20|18|27|27|42|36,8|16
爬,action_words,動作詞,16,16,8,303,86|79|78|79|80|78|81|106|90,37|35|19|28|26|36|35|52|35,43|44|24|35|32|46|43|49|39,8|16
餵,action_words,動作詞,16,16,8,277,86|79|78|79|80|78|81|106|90,36|39|12|24|24|35|25|50|32,42|49|15|30|30|45|31|47|36,8|16
聽,action_words,動作詞,16,16,8,211,86|79|78|79|80|78|81|106|90,25|31|12|19|16|23|15|40|30,29|39|15|24|20|29|19|38|33,8|16
搖,action_words,動作詞,16,16,8,286,86|79|78|79|80|78|81|106|90,39|34|17|29|19|28|32|50|38,45|43|22|37|24|36|40|47|42,8|16
放,action_words,動作詞,16,16,8,221,86|79|78|79|80|78|81|106|90,37|33|13|14|12|16|20|45|31,43|42|17|18|15|21|25|42|34,8|16
拉,action_words,動作詞,16,16,8,167,86|79|78|79|80|78|81|106|90,25|21|8|16|14|14|18|32|19,29|27|10|20|18|18|22|30|21,8|16
踢,action_words,動作詞,16,16,8,186,86|79|78|79|80|78|81|106|90,31|27|13|15|9|14|19|34|24,36|34|17|19|11|18|23|32|27,8|16
抓,action_words,動作詞,16,16,8,198,86|79|78|79|80|78|81|106|90,28|25|8|23|13|24|19|31|27,33|32|10|29|16|31|23|29|30,8|16
叫,action_words,動作詞,16,16,8,200,86|79|78|79|80|78|81|106|90,25|25|12|20|15|19|20|40|24,29|32|15|25|19|24|25|38|27,8|16
停,action_words,動作詞,16,16,8,149,86|79|78|79|80|78|81|106|90,25|19|6|16|10|9|16|29|19,29|24|8|20|12|12|20|27|21,8|16
按,action_words,動作詞,16,16,8,189,86|79|78|79|80|78|81|106|90,31|25|9|12|14|15|21|36|26,36|32|12|15|18|19|26|34|29,8|16
搔癢,action_words,動作詞,16,16,8,248,86|79|78|79|80|78|81|106|90,33|33|18|20|23|18|21|46|36,38|42|23|25|29|23|26|43|40,8|16
畫畫,action_words,動作詞,16,16,8,145,86|79|78|79|80|78|81|106|90,25|24|6|6|8|7|13|30|26,29|30|8|8|10|9|16|28|29,8|16
脫,action_words,動作詞,16,16,8,204,86|79|78|79|80|78|81|106|90,25|32|13|11|8|18|27|40|30,29|41|17|14|10|23|33|38|33,8|16
說話,action_words,動作詞,16,16,8.080448065173115,171,86|79|78|79|80|78|81|106|90,21|25|9|16|8|16|17|30|29,24|32|12|20|10|21|21|28|32,8|16
跑,action_words,動作詞,16,16,8.09753086419753,155,86|79|78|79|80|78|81|106|90,21|24|10|8|8|11|9|33|31,24|30|13|10|10|14|11|31|34,8|16
騎,action_words,動作詞,16,16,8.244834710743802,141,86|79|78|79|80|78|81|106|90,20|24|8|5|6|15|12|28|23,23|30|10|6|8|19|15|26|26,8|16
掉,action_words,動作詞,16,16,8.430685358255452,148,86|79|78|79|80|78|81|106|90,18|24|9|8|3|13|15|36|22,21|30|12|10|4|17|19|34|24,8|16
碰/撞,action_words,動作詞,16,16,8.901826484018265,135,86|79|78|79|80|78|81|106|90,19|20|7|13|9|11|12|26|18,22|25|9|16|11|14|15|25|20,8|16
排(東西),action_words,動作詞,16,16,16,88,86|79|78|79|80|78|81|106|90,9|15|4|6|3|8|6|19|18,10|19|5|8|4|10|7|18|20,8|16
壓,action_words,動作詞,16,16,16,123,86|79|78|79|80|78|81|106|90,19|18|6|10|7|11|14|21|17,22|23|8|13|9|14|17|20|19,8|16
牛奶(ㄋㄟㄋㄟ),food_drink,食物/飲料,8,8,8,729,86|79|78|79|80|78|81|106|90,82|78|70|74|75|78|80|105|87,95|99|90|94|94|100|99|99|97,8|16
水(茶茶),food_drink,食物/飲料,8,8,8,632,86|79|78|79|80|78|81|106|90,72|70|50|58|67|69|73|94|79,84|89|64|73|84|88|90|89|88,8|16
餅乾,food_drink,食物/飲料,8.647540983606557,8,8,452,86|79|78|79|80|78|81|106|90,63|60|27|36|38|48|53|69|58,73|76|35|46|48|62|65|65|64,8|16
飯,food_drink,食物/飲料,8.933710174717369,8,8,411,86|79|78|79|80|78|81|106|90,53|60|28|28|35|45|42|60|60,62|76|36|35|44|58|52|57|67,8|16
香蕉,food_drink,食物/飲料,16,8.423592493297587,8,268,86|79|78|79|80|78|81|106|90,41|42|12|21|14|22|26|47|43,48|53|15|27|18|28|32|44|48,8|16
麵,food_drink,食物/飲料,16,15,8,266,86|79|78|79|80|78|81|106|90,37|37|10|20|18|24|27|53|40,43|47|13|25|22|31|33|50|44,8|16
蛋,food_drink,食物/飲料,16,16,8,175,86|79|78|79|80|78|81|106|90,24|26|11|11|11|13|16|33|30,28|33|14|14|14|17|20|31|33,8|16
麵包,food_drink,食物/飲料,16,16,8,263,86|79|78|79|80|78|81|106|90,38|36|19|17|22|23|22|44|42,44|46|24|22|28|29|27|42|47,8|16
蘋果,food_drink,食物/飲料,16,16,8,272,86|79|78|79|80|78|81|106|90,36|39|20|23|22|22|22|46|42,42|49|26|29|28|28|27|43|47,8|16
糖果,food_drink,食物/飲料,16,16,8,176,86|79|78|79|80|78|81|106|90,25|29|14|7|11|12|16|32|30,29|37|18|9|14|15|20|30|33,8|16
布丁,food_drink,食物/飲料,16,16,8,184,86|79|78|79|80|78|81|106|90,28|30|10|16|9|12|18|33|28,33|38|13|20|11|15|22|31|31,8|16
稀飯,food_drink,食物/飲料,16,16,8,278,86|79|78|79|80|78|81|106|90,33|38|17|28|22|28|34|44|34,38|48|22|35|28|36|42|42|38,8|16
水果,food_drink,食物/飲料,16,16,8,133,86|79|78|79|80|78|81|106|90,22|20|9|8|7|8|11|23|25,26|25|12|10|9|10|14|22|28,8|16
果汁,food_drink,食物/飲料,16,16,8,144,86|79|78|79|80|78|81|106|90,22|23|6|9|9|15|10|29|21,26|29|8|11|11|19|12|27|23,8|16
柳丁,food_drink,食物/飲料,16,16,8,121,86|79|78|79|80|78|81|106|90,22|16|6|8|7|8|11|24|19,26|20|8|10|9|10|14|23|21,8|16
食物,food_drink,食物/飲料,16,16,8,136,86|79|78|79|80|78|81|106|90,24|19|6|11|12|10|12|19|23,28|24|8|14|15|13|15|18|26,8|16
湯,food_drink,食物/飲料,16,16,8,150,86|79|78|79|80|78|81|106|90,22|24|7|9|10|14|10|32|22,26|30|9|11|12|18|12|30|24,8|16
土司,food_drink,食物/飲料,16,16,8.169527896995708,160,86|79|78|79|80|78|81|106|90,21|22|7|13|11|14|13|30|29,24|28|9|16|14|18|16|28|32,8|16
蛋糕,food_drink,食物/飲料,16,16,8.379807692307692,149,86|79|78|79|80|78|81|106|90,16|28|9|11|11|11|13|29|21,19|35|12|14|14|14|16|27|23,8|16
蔬菜,food_drink,食物/飲料,16,16,8.826892109500806,128,86|79|78|79|80|78|81|106|90,15|21|7|6|7|10|12|27|23,17|27|9|8|9|13|15|25|26,8|16
葡萄,food_drink,食物/飲料,16,16,14.942389758179232,146,86|79|78|79|80|78|81|106|90,21|18|10|10|11|11|14|27|24,24|23|13|13|14|14|17|25|27,8|16
饅頭,food_drink,食物/飲料,16,16,15.884279475982533,115,86|79|78|79|80|78|81|106|90,13|13|6|9|6|11|12|22|23,15|16|8|11|8|14|15|21|26,8|16
肉,food_drink,食物/飲料,16,16,16,109,86|79|78|79|80|78|81|106|90,17|15|7|5|5|10|5|25|20,20|19|9|6|6|13|6|24|22,8|16
草莓,food_drink,食物/飲料,16,16,16,106,86|79|78|79|80|78|81|106|90,18|14|4|7|6|11|8|21|17,21|18|5|9|8|14|10|20|19,8|16
紅(白)蘿蔔,food_drink,食物/飲料,16,16,16,89,86|79|78|79|80|78|81|106|90,14|14|6|5|4|6|6|18|16,16|18|8|6|5|8|7|17|18,8|16
西瓜,food_drink,食物/飲料,16,16,16,98,86|79|78|79|80|78|81|106|90,12|16|10|6|4|8|5|22|15,14|20|13|8|5|10|6|21|17,8|16
芭樂,food_drink,食物/飲料,16,16,16,92,86|79|78|79|80|78|81|106|90,14|13|3|5|4|8|6|22|17,16|16|4|6|5|10|7|21|19,8|16
蕃茄,food_drink,食物/飲料,16,16,16,80,86|79|78|79|80|78|81|106|90,14|8|4|6|6|6|7|16|13,16|10|5|8|8|8|9|15|14,8|16
冰淇淋,food_drink,食物/飲料,16,16,16,92,86|79|78|79|80|78|81|106|90,15|14|4|7|6|9|4|17|16,17|18|5|9|8|12|5|16|18,8|16
櫻桃,food_drink,食物/飲料,16,16,16,69,86|79|78|79|80|78|81|106|90,11|11|2|5|6|6|5|11|12,13|14|3|6|8|8|6|10|13,8|16
葡萄乾,food_drink,食物/飲料,16,16,16,79,86|79|78|79|80|78|81|106|90,13|12|5|5|3|9|5|15|12,15|15|6|6|4|12|6|14|13,8|16
豆漿,food_drink,食物/飲料,16,16,16,82,86|79|78|79|80|78|81|106|90,12|12|1|6|8|5|6|18|14,14|15|1|8|10|6|7|17|16,8|16
汽水,food_drink,食物/飲料,16,16,16,55,86|79|78|79|80|78|81|106|90,10|5|1|5|4|6|2|12|10,12|6|1|6|5|8|2|11|11,8|16
飲料,food_drink,食物/飲料,16,16,16,98,86|79|78|79|80|78|81|106|90,16|18|3|7|4|11|4|20|15,19|23|4|9|5|14|5|19|17,8|16
梨子,food_drink,食物/飲料,16,16,16,68,86|79|78|79|80|78|81|106|90,10|10|2|6|5|5|6|14|10,12|13|3|8|6|6|7|13|11,8|16
小狗(汪汪),animals,動物,8,8,8,585,86|79|78|79|80|78|81|106|90,70|67|48|50|47|61|70|92|80,81|85|62|63|59|78|86|87|89,8|16
小貓(喵喵),animals,動物,16,8,8,422,86|79|78|79|80|78|81|106|90,53|55|31|36|25|44|51|67|60,62|70|40|46|31|56|63|63|67,8|16
魚,animals,動物,16,8,8,341,86|79|78|79|80|78|81|106|90,48|52|16|28|20|35|45|47|50,56|66|21|35|25|45|56|44|56,8|16
小鳥,animals,動物,16,8,8,301,86|79|78|79|80|78|81|106|90,53|42|14|18|19|32|35|45|43,62|53|18|23|24|41|43|42|48,8|16
鴨子(呱呱),animals,動物,16,8.952850877192983,8,272,86|79|78|79|80|78|81|106|90,32|40|9|25|16|29|31|45|45,37|51|12|32|20|37|38|42|50,8|16
小熊(泰迪熊),animals,動物,16,16,8,257,86|79|78|79|80|78|81|106|90,37|37|15|16|17|24|26|45|40,43|47|19|20|21|31|32|42|44,8|16
雞(咕咕咕),animals,動物,16,16,8,246,86|79|78|79|80|78|81|106|90,30|32|14|20|14|26|33|43|34,35|41|18|25|18|33|41|41|38,8|16
牛(哞),animals,動物,16,16,8,191,86|79|78|79|80|78|81|106|90,29|23|7|15|9|22|19|34|33,34|29|9|19|11|28|23|32|37,8|16
兔子,animals,動物,16,16,8,191,86|79|78|79|80|78|81|106|90,27|27|9|14|13|24|12|32|33,31|34|12|18|16|31|15|30|37,8|16
大象,animals,動物,16,16,8,191,86|79|78|79|80|78|81|106|90,25|27|7|15|11|18|17|37|34,29|34|9|19|14|23|21|35|38,8|16
豬,animals,動物,16,16,8,194,86|79|78|79|80|78|81|106|90,25|28|10|13|8|22|17|40|31,29|35|13|16|10|28|21|38|34,8|16
小羊(咩咩),animals,動物,16,16,8,182,86|79|78|79|80|78|81|106|90,22|22|9|15|6|20|23|34|31,26|28|12|19|8|26|28|32|34,8|16
蝴蝶,animals,動物,16,16,8,159,86|79|78|79|80|78|81|106|90,22|21|5|11|10|13|18|34|25,26|27|6|14|12|17|22|32|28,8|16
馬,animals,動物,16,16,8.846428571428572,152,86|79|78|79|80|78|81|106|90,20|20|8|13|5|18|12|29|27,23|25|10|16|6|23|15|27|30,8|16
猴子,animals,動物,16,16,14.960333006856024,133,86|79|78|79|80|78|81|106|90,14|18|5|10|9|16|11|27|23,16|23|6|13|11|21|14|25|26,8|16
企鵝,animals,動物,16,16,14.964063886424135,125,86|79|78|79|80|78|81|106|90,17|15|4|8|7|15|10|27|22,20|19|5|10|9|19|12|25|24,8|16
青蛙,animals,動物,16,16,15.459183673469388,140,86|79|78|79|80|78|81|106|90,20|17|5|13|8|13|15|26|23,23|22|6|16|10|17|19|25|26,8|16
螞蟻,animals,動物,16,16,16,101,86|79|78|79|80|78|81|106|90,16|13|4|7|5|11|8|20|17,19|16|5|9|6|14|10|19|19,8|16
老虎,animals,動物,16,16,16,114,86|79|78|79|80|78|81|106|90,16|19|5|9|6|13|7|22|17,19|24|6|11|8|17|9|21|19,8|16
蟲蟲,animals,動物,16,16,16,115,86|79|78|79|80|78|81|106|90,13|15|5|9|8|14|9|22|20,15|19|6|11|10|18|11|21|22,8|16
獅子,animals,動物,16,16,16,104,86|79|78|79|80|78|81|106|90,13|14|4|8|4|9|8|26|18,15|18|5|10|5|12|10|25|20,8|16
烏龜,animals,動物,16,16,16,96,86|79|78|79|80|78|81|106|90,13|16|4|11|4|9|6|17|16,15|20|5|14|5|12|7|16|18,8|16
長頸鹿,animals,動物,16,16,16,109,86|79|78|79|80|78|81|106|90,19|13|3|10|7|12|11|20|14,22|16|4|13|9|15|14|19|16,8|16
蚊子,animals,動物,16,16,16,96,86|79|78|79|80|78|81|106|90,14|12|4|6|4|13|8|23|12,16|15|5|8|5|17|10|22|13,8|16
老鼠,animals,動物,16,16,16,85,86|79|78|79|80|78|81|106|90,11|11|3|8|4|10|4|19|15,13|14|4|10|5|13|5|18|17,8|16
蜜蜂(ㄨㄥㄨㄥ),animals,動物,16,16,16,113,86|79|78|79|80|78|81|106|90,15|15|3|11|5|14|12|23|15,17|19|4|14|6|18|15|22|17,8|16
螃蟹,animals,動物,16,16,16,65,86|79|78|79|80|78|81|106|90,10|8|2|7|3|12|3|12|8,12|10|3|9|4|15|4|11|9,8|16
動物,animals,動物,16,16,16,76,86|79|78|79|80|78|81|106|90,11|11|1|9|2|11|4|20|7,13|14|1|11|2|14|5|19|8,8|16
斑馬,animals,動物,16,16,16,84,86|79|78|79|80|78|81|106|90,13|10|3|7|3|9|5|17|17,15|13|4|9|4|12|6|16|19,8|16
鹿,animals,動物,16,16,16,60,86|79|78|79|80|78|81|106|90,9|5|2|7|0|11|1|16|9,10|6|3|9|0|14|1|15|10,8|16
花,outside,戶外,16,8,8,330,86|79|78|79|80|78|81|106|90,53|40|20|30|22|25|39|52|49,62|51|26|38|28|32|48|49|54,8|16
溜滑梯,outside,戶外,16,8.936296296296296,8,220,86|79|78|79|80|78|81|106|90,35|40|13|11|13|17|23|36|32,41|51|17|14|16|22|28|34|36,8|16
下雨,outside,戶外,16,16,8,231,86|79|78|79|80|78|81|106|90,24|32|14|14|25|19|28|43|32,28|41|18|18|31|24|35|41|36,8|16
樹,outside,戶外,16,16,8.647540983606557,145,86|79|78|79|80|78|81|106|90,21|20|11|11|10|11|14|26|21,24|25|14|14|12|14|17|25|23,8|16
石頭,outside,戶外,16,16,16,73,86|79|78|79|80|78|81|106|90,8|11|5|8|2|6|3|13|17,9|14|6|10|2|8|4|12|19,8|16
雨傘,outside,戶外,16,16,16,111,86|79|78|79|80|78|81|106|90,17|17|5|6|7|9|8|23|19,20|22|6|8|9|12|10|22|21,8|16
太陽,outside,戶外,16,16,16,94,86|79|78|79|80|78|81|106|90,15|10|5|8|7|11|5|16|17,17|13|6|10|9|14|6|15|19,8|16
月亮,outside,戶外,16,16,16,90,86|79|78|79|80|78|81|106|90,17|9|4|5|5|8|10|19|13,20|11|5|6|6|10|12|18|14,8|16
星星,outside,戶外,16,16,16,91,86|79|78|79|80|78|81|106|90,14|7|3|7|2|10|7|24|17,16|9|4|9|2|13|9|23|19,8|16
紅綠燈,outside,戶外,16,16,16,67,86|79|78|79|80|78|81|106|90,14|9|2|5|3|5|4|15|10,16|11|3|6|4|6|5|14|11,8|16
草,outside,戶外,16,16,16,64,86|79|78|79|80|78|81|106|90,10|9|3|6|3|5|5|8|15,12|11|4|8|4|6|6|8|17,8|16
鞦韆,outside,戶外,16,16,16,66,86|79|78|79|80|78|81|106|90,10|7|2|7|1|6|4|14|15,12|9|3|9|1|8|5|13|17,8|16
翹翹板,outside,戶外,16,16,16,55,86|79|78|79|80|78|81|106|90,9|7|3|5|2|5|3|8|13,10|9|4|6|2|6|4|8|14,8|16
汽車(車車、ㄅㄨㄅㄨ),vehicles,交通工具,8.073970037453183,8,8,511,86|79|78|79|80|78|81|106|90,64|65|39|44|48|52|53|77|69,74|82|50|56|60|67|65|73|77,8|16
娃娃車(手推車),vehicles,交通工具,16,8,8,334,86|79|78|79|80|78|81|106|90,45|47|22|30|28|25|36|55|46,52|59|28|38|35|32|44|52|51,8|16
飛機,vehicles,交通工具,16,16,8,155,86|79|78|79|80|78|81|106|90,24|22|9|9|15|11|14|29|22,28|28|12|11|19|14|17|27|24,8|16
垃圾車,vehicles,交通工具,16,16,8,170,86|79|78|79|80|78|81|106|90,24|22|12|14|12|19|19|24|24,28|28|15|18|15|24|23|23|27,8|16
機車(摩托車),vehicles,交通工具,16,16,8,251,86|79|78|79|80|78|81|106|90,33|32|17|20|19|26|28|41|35,38|41|22|25|24|33|35|39|39,8|16
火車,vehicles,交通工具,16,16,8,125,86|79|78|79|80|78|81|106|90,22|23|4|8|4|11|11|23|19,26|29|5|10|5|14|14|22|21,8|16
腳踏車,vehicles,交通工具,16,16,8.488582302568982,141,86|79|78|79|80|78|81|106|90,15|26|7|8|10|12|13|28|22,17|33|9|10|12|15|16|26|24,8|16
三輪車,vehicles,交通工具,16,16,8.885272145144077,104,86|79|78|79|80|78|81|106|90,11|21|4|6|5|8|8|30|11,13|27|5|8|6|10|10|28|12,8|16
船,vehicles,交通工具,16,16,16,58,86|79|78|79|80|78|81|106|90,12|10|2|4|1|6|2|14|7,14|13|3|5|1|8|2|13|8,8|16
公車(巴士),vehicles,交通工具,16,16,16,91,86|79|78|79|80|78|81|106|90,10|17|4|8|5|8|7|23|9,12|22|5|10|6|10|9|22|10,8|16
球,toys,玩具,8,8,8,560,86|79|78|79|80|78|81|106|90,71|67|45|45|58|57|59|85|73,83|85|58|57|72|73|73|80|81,8|16
書,toys,玩具,16,8,8,393,86|79|78|79|80|78|81|106|90,50|58|26|28|36|40|33|67|55,58|73|33|35|45|51|41|63|61,8|16
玩具,toys,玩具,16,8,8,331,86|79|78|79|80|78|81|106|90,46|49|22|20|26|29|29|60|50,53|62|28|25|32|37|36|57|56,8|16
氣球,toys,玩具,16,16,8,235,86|79|78|79|80|78|81|106|90,32|31|14|12|18|21|25|47|35,37|39|18|15|22|27|31|44|39,8|16
筆,toys,玩具,16,16,8,229,86|79|78|79|80|78|81|106|90,39|36|12|11|18|19|18|45|31,45|46|15|14|22|24|22|42|34,8|16
娃娃(洋娃娃),toys,玩具,16,16,8,250,86|79|78|79|80|78|81|106|90,30|31|15|17|16|30|24|50|37,35|39|19|22|20|38|30|47|41,8|16
積木,toys,玩具,16,16,8,173,86|79|78|79|80|78|81|106|90,30|27|12|11|7|15|14|32|25,35|34|15|14|9|19|17|30|28,8|16
泡泡,toys,玩具,16,16,8.846428571428572,127,86|79|78|79|80|78|81|106|90,14|21|5|7|10|7|16|25|22,16|27|6|9|12|9|20|24|24,8|16
貼紙,toys,玩具,16,16,16,90,86|79|78|79|80|78|81|106|90,12|12|5|9|3|10|4|20|15,14|15|6|11|4|13|5|19|17,8|16
鉛筆,toys,玩具,16,16,16,92,86|79|78|79|80|78|81|106|90,9|15|4|7|5|10|7|15|20,10|19|5|9|6|13|9|14|22,8|16
彩色筆,toys,玩具,16,16,16,70,86|79|78|79|80|78|81|106|90,9|15|1|5|2|5|4|13|16,10|19|1|6|2|6|5|12|18,8|16
鞋子,clothing,衣物,8,8,8,444,86|79|78|79|80|78|81|106|90,65|68|20|29|38|39|49|77|59,76|86|26|37|48|50|60|73|66,8|16
尿布,clothing,衣物,8.325907590759076,8,8,530,86|79|78|79|80|78|81|106|90,62|64|43|44|54|48|63|84|68,72|81|55|56|68|62|78|79|76,8|16
襪子,clothing,衣物,16,8,8,333,86|79|78|79|80|78|81|106|90,49|51|21|19|24|30|34|62|43,57|65|27|24|30|38|42|58|48,8|16
帽子,clothing,衣物,16,8,8,337,86|79|78|79|80|78|81|106|90,49|50|24|21|24|32|33|63|41,57|63|31|27|30|41|41|59|46,8|16
褲子,clothing,衣物,16,8.423592493297587,8,319,86|79|78|79|80|78|81|106|90,37|47|21|21|24|26|39|58|46,43|59|27|27|30|33|48|55|51,8|16
衣物,clothing,衣物,16,14.714956011730205,8,282,86|79|78|79|80|78|81|106|90,31|39|21|19|18|20|29|59|46,36|49|27|24|22|26|36|56|51,8|16
圍兜(兜),clothing,衣物,16,16,8,196,86|79|78|79|80|78|81|106|90,23|26|16|12|12|15|24|40|28,27|33|21|15|15|19|30|38|31,8|16
夾克(外套),clothing,衣物,16,16,8,148,86|79|78|79|80|78|81|106|90,23|26|10|7|5|12|12|30|23,27|33|13|9|6|15|15|28|26,8|16
拖鞋,clothing,衣物,16,16,14.973887814313347,111,86|79|78|79|80|78|81|106|90,19|15|5|6|5|8|6|27|20,22|19|6|8|6|10|7|25|22,8|16
拉鍊,clothing,衣物,16,16,16,104,86|79|78|79|80|78|81|106|90,15|15|7|6|4|10|8|24|15,17|19|9|8|5|13|10|23|17,8|16
扣子,clothing,衣物,16,16,16,100,86|79|78|79|80|78|81|106|90,16|10|7|7|8|10|8|19|15,19|13|9|9|10|13|10|18|17,8|16
背心,clothing,衣物,16,16,16,100,86|79|78|79|80|78|81|106|90,12|15|4|10|5|9|9|23|13,14|19|5|13|6|12|11|22|14,8|16
手套,clothing,衣物,16,16,16,67,86|79|78|79|80|78|81|106|90,7|7|5|6|2|7|7|16|10,8|9|6|8|2|9|9|15|11,8|16
長褲,clothing,衣物,16,16,16,77,86|79|78|79|80|78|81|106|90,9|11|3|7|4|8|7|14|14,10|14|4|9|5|10|9|13|16,8|16
短褲,clothing,衣物,16,16,16,65,86|79|78|79|80|78|81|106|90,9|10|2|6|3|7|5|11|12,10|13|3|8|4|9|6|10|13,8|16
裙子,clothing,衣物,16,16,16,57,86|79|78|79|80|78|81|106|90,4|4|4|5|2|8|6|15|9,5|5|5|6|2|10|7|14|10,8|16
手,body_parts,身體部位,8,8,8,544,86|79|78|79|80|78|81|106|90,69|69|44|44|49|58|57|84|70,80|87|56|56|61|74|70|79|78,8|16
眼睛,body_parts,身體部位,16,8,8,343,86|79|78|79|80|78|81|106|90,45|53|22|19|23|34|37|63|47,52|67|28|24|29|44|46|59|52,8|16
耳朵,body_parts,身體部位,16,8,8,346,86|79|78|79|80|78|81|106|90,43|53|21|17|25|38|43|58|48,50|67|27|22|31|49|53|55|53,8|16
嘴巴,body_parts,身體部位,16,8,8,417,86|79|78|79|80|78|81|106|90,50|55|32|30|37|40|44|73|56,58|70|41|38|46|51|54|69|62,8|16
腳,body_parts,身體部位,16,8,8,391,86|79|78|79|80|78|81|106|90,57|51|30|25|28|36|42|64|58,66|65|38|32|35|46|52|60|64,8|16
頭,body_parts,身體部位,16,8,8,319,86|79|78|79|80|78|81|106|90,45|47|21|16|21|30|31|61|47,52|59|27|20|26|38|38|58|52,8|16
鼻子,body_parts,身體部位,16,8,8,325,86|79|78|79|80|78|81|106|90,48|51|22|15|20|30|35|58|46,56|65|28|19|25|38|43|55|51,8|16
小ㄐㄐ/小鳥(生殖器),body_parts,身體部位,16,8.702569169960475,8,158,86|79|78|79|80|78|81|106|90,34|43|9|7|9|12|12|14|18,40|54|12|9|11|15|15|13|20,8|16
肚子,body_parts,身體部位,16,16,8,231,86|79|78|79|80|78|81|106|90,27|33|11|9|16|23|26|45|41,31|42|14|11|20|29|32|42|46,8|16
頭髮,body_parts,身體部位,16,16,8,254,86|79|78|79|80|78|81|106|90,30|34|17|13|17|28|24|52|39,35|43|22|16|21|36|30|49|43,8|16
屁股,body_parts,身體部位,16,16,8,206,86|79|78|79|80|78|81|106|90,24|30|12|12|9|20|24|37|38,28|38|15|15|11|26|30|35|42,8|16
牙齒,body_parts,身體部位,16,16,8,181,86|79|78|79|80|78|81|106|90,26|33|7|9|7|11|16|38|34,30|42|9|11|9|14|20|36|38,8|16
臉,body_parts,身體部位,16,16,8,222,86|79|78|79|80|78|81|106|90,29|32|13|13|12|22|28|35|38,34|41|17|16|15|28|35|33|42,8|16
手指(手指頭),body_parts,身體部位,16,16,8,254,86|79|78|79|80|78|81|106|90,36|38|17|16|19|22|27|42|37,42|48|22|20|24|28|33|40|41,8|16
胸部(ㄋㄟㄋㄟ),body_parts,身體部位,16,16,8,258,86|79|78|79|80|78|81|106|90,30|38|17|18|17|31|28|46|33,35|48|22|23|21|40|35|43|37,8|16
肚臍,body_parts,身體部位,16,16,8.488582302568982,152,86|79|78|79|80|78|81|106|90,15|26|7|7|6|17|13|33|28,17|33|9|9|8|22|16|31|31,8|16
舌頭,body_parts,身體部位,16,16,14.863483146067416,136,86|79|78|79|80|78|81|106|90,21|15|7|8|8|14|13|28|22,24|19|9|10|10|18|16|26|24,8|16
眉毛,body_parts,身體部位,16,16,16,78,86|79|78|79|80|78|81|106|90,12|13|2|4|2|8|9|14|14,14|16|3|5|2|10|11|13|16,8|16
脖子,body_parts,身體部位,16,16,16,81,86|79|78|79|80|78|81|106|90,13|10|1|5|4|10|5|17|16,15|13|1|6|5|13|6|16|18,8|16
腳趾頭,body_parts,身體部位,16,16,16,132,86|79|78|79|80|78|81|106|90,19|19|2|12|7|15|13|24|21,22|24|3|15|9|19|16|23|23,8|16
椅子,furniture_rooms,家具/房間,16,8,8,324,86|79|78|79|80|78|81|106|90,50|51|17|20|23|20|33|60|50,58|65|22|25|29|26|41|57|56,8|16
門,furniture_rooms,家具/房間,16,8,8,338,86|79|78|79|80|78|81|106|90,44|53|18|21|26|28|37|62|49,51|67|23|27|32|36|46|58|54,8|16
床,furniture_rooms,家具/房間,16,8,8,329,86|79|78|79|80|78|81|106|90,45|47|23|23|27|21|34|62|47,52|59|29|29|34|27|42|58|52,8|16
桌子,furniture_rooms,家具/房間,16,16,8,244,86|79|78|79|80|78|81|106|90,33|39|14|15|16|14|23|48|42,38|49|18|19|20|18|28|45|47,8|16
廁所,furniture_rooms,家具/房間,16,16,8,203,86|79|78|79|80|78|81|106|90,35|28|9|12|13|20|22|37|27,41|35|12|15|16|26|27|35|30,8|16
窗戶,furniture_rooms,家具/房間,16,16,8,123,86|79|78|79|80|78|81|106|90,22|16|8|8|5|10|11|25|18,26|20|10|10|6|13|14|24|20,8|16
廚房,furniture_rooms,家具/房間,16,16,8,156,86|79|78|79|80|78|81|106|90,22|31|9|12|6|11|11|29|25,26|39|12|15|8|14|14|27|28,8|16
抽屜,furniture_rooms,家具/房間,16,16,8,159,86|79|78|79|80|78|81|106|90,25|27|7|11|11|11|14|29|24,29|34|9|14|14|14|17|27|27,8|16
臥(房)室,furniture_rooms,家具/房間,16,16,8,192,86|79|78|79|80|78|81|106|90,26|32|15|14|13|14|14|34|30,30|41|19|18|16|18|17|32|33,8|16
浴室,furniture_rooms,家具/房間,16,16,8,209,86|79|78|79|80|78|81|106|90,30|33|11|14|16|24|14|36|31,35|42|14|18|20|31|17|34|34,8|16
嬰兒床,furniture_rooms,家具/房間,16,16,8.123824451410659,177,86|79|78|79|80|78|81|106|90,21|23|14|17|15|18|20|25|24,24|29|18|22|19|23|25|24|27,8|16
客廳,furniture_rooms,家具/房間,16,16,8.447016460905349,147,86|79|78|79|80|78|81|106|90,16|26|12|10|8|13|14|28|20,19|33|15|13|10|17|17|26|22,8|16
電梯,furniture_rooms,家具/房間,16,16,8.647540983606557,120,86|79|78|79|80|78|81|106|90,15|23|10|8|8|8|7|20|21,17|29|13|10|10|10|9|19|23,8|16
沙發,furniture_rooms,家具/房間,16,16,16,133,86|79|78|79|80|78|81|106|90,18|19|8|13|8|13|11|24|19,21|24|10|16|10|17|14|23|21,8|16
水槽(洗手檯),furniture_rooms,家具/房間,16,16,16,116,86|79|78|79|80|78|81|106|90,17|17|7|7|9|12|8|20|19,20|22|9|9|11|15|10|19|21,8|16
電話,household,家庭用品,8,8,8,524,86|79|78|79|80|78|81|106|90,71|67|29|41|54|53|56|84|69,83|85|37|52|68|68|69|79|77,8|16
電視,household,家庭用品,8.714716525934861,8,8,401,86|79|78|79|80|78|81|106|90,57|62|26|30|34|35|38|67|52,66|78|33|38|42|45|47|63|58,8|16
杯子,household,家庭用品,16,8,8,265,86|79|78|79|80|78|81|106|90,43|40|16|11|15|15|28|52|45,50|51|21|14|19|19|35|49|50,8|16
湯匙,household,家庭用品,16,8.289908256880734,8,277,86|79|78|79|80|78|81|106|90,41|44|18|17|18|17|25|54|43,48|56|23|22|22|22|31|51|48,8|16
牙刷,household,家庭用品,16,16,8,200,86|79|78|79|80|78|81|106|90,33|34|9|10|8|12|20|40|34,38|43|12|13|10|15|25|38|38,8|16
鑰匙,household,家庭用品,16,16,8,248,86|79|78|79|80|78|81|106|90,41|39|14|13|13|17|27|48|36,48|49|18|16|16|22|33|45|40,8|16
毯子(被子),household,家庭用品,16,16,8,243,86|79|78|79|80|78|81|106|90,35|35|15|14|13|18|26|47|40,41|44|19|18|16|23|32|44|44,8|16
藥,household,家庭用品,16,16,8,203,86|79|78|79|80|78|81|106|90,26|34|12|11|13|19|19|38|31,30|43|15|14|16|24|23|36|34,8|16
碗,household,家庭用品,16,16,8,203,86|79|78|79|80|78|81|106|90,30|36|15|11|10|16|18|35|32,35|46|19|14|12|21|22|33|36,8|16
吸管,household,家庭用品,16,16,8,179,86|79|78|79|80|78|81|106|90,25|35|11|10|12|14|12|32|28,29|44|14|13|15|18|15|30|31,8|16
枕頭,household,家庭用品,16,16,8,222,86|79|78|79|80|78|81|106|90,31|34|11|13|18|17|21|46|31,36|43|14|16|22|22|26|43|34,8|16
眼鏡,household,家庭用品,16,16,8,187,86|79|78|79|80|78|81|106|90,30|27|9|12|13|13|13|39|31,35|34|12|15|16|17|16|37|34,8|16
垃圾桶,household,家庭用品,16,16,8,207,86|79|78|79|80|78|81|106|90,31|37|9|8|12|12|19|44|35,36|47|12|10|15|15|23|42|39,8|16
鏡子,household,家庭用品,16,16,8,194,86|79|78|79|80|78|81|106|90,23|25|9|11|12|19|19|40|36,27|32|12|14|15|24|23|38|40,8|16
梳子,household,家庭用品,16,16,8,191,86|79|78|79|80|78|81|106|90,26|29|7|8|10|18|19|41|33,30|37|9|10|12|23|23|39|37,8|16
紙,household,家庭用品,16,16,8,163,86|79|78|79|80|78|81|106|90,22|19|9|13|13|16|15|30|26,26|24|12|16|16|21|19|28|29,8|16
皮包,household,家庭用品,16,16,8,148,86|79|78|79|80|78|81|106|90,22|19|5|10|8|14|11|34|25,26|24|6|13|10|18|14|32|28,8|16
冰箱,household,家庭用品,16,16,8,209,86|79|78|79|80|78|81|106|90,35|31|8|11|11|19|19|40|35,41|39|10|14|14|24|23|38|39,8|16
垃圾,household,家庭用品,16,16,8.33968058968059,138,86|79|78|79|80|78|81|106|90,18|26|6|8|8|8|10|28|26,21|33|8|10|10|10|12|26|29,8|16
錢,household,家庭用品,16,16,8.497302158273381,133,86|79|78|79|80|78|81|106|90,18|23|4|6|7|15|13|26|21,21|29|5|8|9|19|16|25|23,8|16
毛巾,household,家庭用品,16,16,8.497302158273381,150,86|79|78|79|80|78|81|106|90,18|23|9|12|9|13|7|34|25,21|29|12|15|11|17|9|32|28,8|16
時鐘(鬧鐘),household,家庭用品,16,16,8.497302158273381,146,86|79|78|79|80|78|81|106|90,18|23|5|13|11|11|13|26|26,21|29|6|16|14|14|16|25|29,8|16
筷子,household,家庭用品,16,16,8.647540983606557,120,86|79|78|79|80|78|81|106|90,15|23|7|7|7|7|10|29|15,17|29|9|9|9|9|12|27|17,8|16
圖片,household,家庭用品,16,16,8.874708624708624,113,86|79|78|79|80|78|81|106|90,12|21|8|9|5|11|8|18|21,14|27|10|11|6|14|10|17|23,8|16
掃把,household,家庭用品,16,16,16,101,86|79|78|79|80|78|81|106|90,16|15|5|5|4|7|6|26|17,19|19|6|6|5|9|7|25|19,8|16
肥皂,household,家庭用品,16,16,16,68,86|79|78|79|80|78|81|106|90,8|7|5|6|4|6|2|15|15,9|9|6|8|5|8|2|14|17,8|16
盤子,household,家庭用品,16,16,16,63,86|79|78|79|80|78|81|106|90,8|10|2|7|2|6|3|14|11,9|13|3|9|2|8|4|13|12,8|16
瓶子,household,家庭用品,16,16,16,102,86|79|78|79|80|78|81|106|90,15|17|4|5|5|7|9|24|16,17|22|5|6|6|9|11|23|18,8|16
收音機/音響,household,家庭用品,16,16,16,123,86|79|78|79|80|78|81|106|90,16|17|8|9|6|13|9|24|21,19|22|10|11|8|17|11|23|23,8|16
鍋子,household,家庭用品,16,16,16,53,86|79|78|79|80|78|81|106|90,11|9|2|5|1|5|1|10|9,13|11|3|6|1|6|1|9|10,8|16
盒子,household,家庭用品,16,16,16,78,86|79|78|79|80|78|81|106|90,13|13|5|6|4|6|5|15|11,15|16|6|8|5|8|6|14|12,8|16
銅板(零錢),household,家庭用品,16,16,16,93,86|79|78|79|80|78|81|106|90,13|14|2|7|10|9|8|15|15,15|18|3|9|12|12|10|14|17,8|16
好棒,descriptive_words,描述詞,8.469378427787934,8,8,483,86|79|78|79|80|78|81|106|90,58|66|41|36|46|44|51|75|66,67|84|53|46|57|56|63|71|73,8|16
好燙/燙燙的,descriptive_words,描述詞,16,8,8,323,86|79|78|79|80|78|81|106|90,47|44|22|20|27|28|31|60|44,55|56|28|25|34|36|38|57|49,8|16
好痛/痛痛的,descriptive_words,描述詞,16,8.109116022099448,8,321,86|79|78|79|80|78|81|106|90,42|47|26|23|22|26|31|56|48,49|59|33|29|28|33|38|53|53,8|16
想睡覺,descriptive_words,描述詞,16,8.830486202365309,8,284,86|79|78|79|80|78|81|106|90,35|41|16|25|21|30|29|47|40,41|52|21|32|26|38|36|44|44,8|16
好臭/臭臭的,descriptive_words,描述詞,16,14.917515274949084,8,285,86|79|78|79|80|78|81|106|90,34|35|24|19|17|25|32|54|45,40|44|31|24|21|32|40|51|50,8|16
好熱/熱熱的,descriptive_words,描述詞,16,16,8,227,86|79|78|79|80|78|81|106|90,26|37|11|16|15|23|18|43|38,30|47|14|20|19|29|22|41|42,8|16
髒髒的/骯髒的,descriptive_words,描述詞,16,16,8,192,86|79|78|79|80|78|81|106|90,27|29|13|11|8|16|20|37|31,31|37|17|14|10|21|25|35|34,8|16
害怕的(好恐怖),descriptive_words,描述詞,16,16,8,220,86|79|78|79|80|78|81|106|90,29|29|9|12|15|22|25|45|34,34|37|12|15|19|28|31|42|38,8|16
暗暗的,descriptive_words,描述詞,16,16,8,195,86|79|78|79|80|78|81|106|90,25|30|12|14|15|20|15|35|29,29|38|15|18|19|26|19|33|32,8|16
亮亮的,descriptive_words,描述詞,16,16,8,190,86|79|78|79|80|78|81|106|90,31|25|7|18|14|20|17|30|28,36|32|9|23|18|26|21|28|31,8|16
好可愛/可愛的,descriptive_words,描述詞,16,16,8,247,86|79|78|79|80|78|81|106|90,23|33|21|17|20|24|23|45|41,27|42|27|22|25|31|28|42|46,8|16
好漂亮/漂亮的,descriptive_words,描述詞,16,16,8,222,86|79|78|79|80|78|81|106|90,27|27|13|16|14|24|20|46|35,31|34|17|20|18|31|25|43|39,8|16
很好吃/好吃的,descriptive_words,描述詞,16,16,8,191,86|79|78|79|80|78|81|106|90,26|23|10|13|11|16|23|33|36,30|29|13|16|14|21|28|31|40,8|16
餓了/好餓,descriptive_words,描述詞,16,16,8,186,86|79|78|79|80|78|81|106|90,22|26|10|16|10|19|18|36|29,26|33|13|20|12|24|22|34|32,8|16
小心,descriptive_words,描述詞,16,16,8,174,86|79|78|79|80|78|81|106|90,22|30|11|12|12|14|13|35|25,26|38|14|15|15|18|16|33|28,8|16
不乖,descriptive_words,描述詞,16,16,8,294,86|79|78|79|80|78|81|106|90,41|38|24|19|30|29|25|51|37,48|48|31|24|38|37|31|48|41,8|16
口渴了/好渴,descriptive_words,描述詞,16,16,8.447016460905349,143,86|79|78|79|80|78|81|106|90,16|26|4|14|7|11|17|25|23,19|33|5|18|9|14|21|24|26,8|16
睡著了,descriptive_words,描述詞,16,16,8.691878980891719,113,86|79|78|79|80|78|81|106|90,16|22|6|9|9|10|6|22|13,19|28|8|11|11|13|7|21|14,8|16
破了/破掉了,descriptive_words,描述詞,16,16,8.694142259414226,101,86|79|78|79|80|78|81|106|90,11|24|6|6|4|8|5|19|18,13|30|8|8|5|10|6|18|20,8|16
濕濕的,descriptive_words,描述詞,16,16,8.801660516605166,137,86|79|78|79|80|78|81|106|90,16|21|5|10|6|10|13|29|27,19|27|6|13|8|13|16|27|30,8|16
好高/高高的,descriptive_words,描述詞,16,16,16,90,86|79|78|79|80|78|81|106|90,13|10|3|6|8|7|6|22|15,15|13|4|8|10|9|7|21|17,8|16
好冷/冷冷的,descriptive_words,描述詞,16,16,16,95,86|79|78|79|80|78|81|106|90,8|11|8|9|6|10|9|17|17,9|14|10|11|8|13|11|16|19,8|16
好香/香香的,descriptive_words,描述詞,16,16,16,90,86|79|78|79|80|78|81|106|90,10|13|6|6|7|10|8|16|14,12|16|8|8|9|13|10|15|16,8|16
飽了/好飽,descriptive_words,描述詞,16,16,16,117,86|79|78|79|80|78|81|106|90,15|13|6|10|9|15|9|23|17,17|16|8|13|11|19|11|22|19,8|16
壞的,descriptive_words,描述詞,16,16,16,70,86|79|78|79|80|78|81|106|90,13|8|4|4|4|7|2|13|15,15|10|5|5|5|9|2|12|17,8|16
甜甜的,descriptive_words,描述詞,16,16,16,78,86|79|78|79|80|78|81|106|90,12|13|6|5|7|4|2|14|15,14|16|8|6|9|5|2|13|17,8|16
快樂的/高興的,descriptive_words,描述詞,16,16,16,133,86|79|78|79|80|78|81|106|90,21|12|8|11|9|13|14|24|21,24|15|10|14|11|17|17|23|23,8|16
乾淨的,descriptive_words,描述詞,16,16,16,55,86|79|78|79|80|78|81|106|90,10|4|5|4|3|5|3|13|8,12|5|6|5|4|6|4|12|9,8|16
空空的,descriptive_words,描述詞,16,16,16,112,86|79|78|79|80|78|81|106|90,14|16|7|7|6|11|11|20|20,16|20|9|9|8|14|14|19|22,8|16
這個,quantifiers,數量詞,16,16,8,275,86|79|78|79|80|78|81|106|90,38|37|12|15|20|30|31|50|42,44|47|15|19|25|38|38|47|47,8|16
沒半個/沒有,quantifiers,數量詞,16,16,8,213,86|79|78|79|80|78|81|106|90,31|27|13|14|16|17|22|45|28,36|34|17|18|20|22|27|42|31,8|16
那個,quantifiers,數量詞,16,16,8,178,86|79|78|79|80|78|81|106|90,28|24|10|6|12|19|15|38|26,33|30|13|8|15|24|19|36|29,8|16
一個(二、三個…),quantifiers,數量詞,16,16,14.59008097165992,139,86|79|78|79|80|78|81|106|90,17|17|9|9|3|9|12|34|29,20|22|12|11|4|12|15|32|32,8|16
還有,quantifiers,數量詞,16,16,14.96975354742345,122,86|79|78|79|80|78|81|106|90,14|18|10|6|6|10|8|27|23,16|23|13|8|8|13|10|25|26,8|16
好多,quantifiers,數量詞,16,16,16,82,86|79|78|79|80|78|81|106|90,10|13|7|5|2|6|4|19|16,12|16|9|6|2|8|5|18|18,8|16
過來,locations,位置,8,8,8,555,86|79|78|79|80|78|81|106|90,66|67|40|48|65|59|53|85|72,77|85|51|61|81|76|65|80|80,8|16
在這裡,locations,位置,16,8,8,401,86|79|78|79|80|78|81|106|90,56|52|36|23|36|39|44|69|46,65|66|46|29|45|50|54|65|51,8|16
在那裡,locations,位置,16,8,8,320,86|79|78|79|80|78|81|106|90,51|48|18|18|26|35|31|52|41,59|61|23|23|32|45|38|49|46,8|16
走開,locations,位置,16,16,8,222,86|79|78|79|80|78|81|106|90,32|39|9|10|7|22|25|44|34,37|49|12|13|9|28|31|42|38,8|16
前面,locations,位置,16,16,8.169527896995708,133,86|79|78|79|80|78|81|106|90,21|22|6|8|6|14|14|25|17,24|28|8|10|8|18|17|24|19,8|16
外面,locations,位置,16,16,8.488582302568982,127,86|79|78|79|80|78|81|106|90,15|26|5|8|7|12|10|27|17,17|33|6|10|9|15|12|25|19,8|16
後面,locations,位置,16,16,8.588297872340426,129,86|79|78|79|80|78|81|106|90,18|22|8|9|6|11|13|27|15,21|28|10|11|8|14|16|25|17,8|16
裡面,locations,位置,16,16,8.647540983606557,119,86|79|78|79|80|78|81|106|90,19|21|7|5|7|10|11|22|17,22|27|9|6|9|13|14|21|19,8|16
到…某個地方,locations,位置,16,16,14.70031712473573,133,86|79|78|79|80|78|81|106|90,20|17|9|9|6|9|14|30|19,23|22|12|11|8|12|17|28|21,8|16
在…前面,locations,位置,16,16,16,79,86|79|78|79|80|78|81|106|90,12|12|4|6|2|5|6|22|10,14|15|5|8|2|6|7|21|11,8|16
在…外面,locations,位置,16,16,16,86,86|79|78|79|80|78|81|106|90,12|14|6|6|5|4|7|21|11,14|18|8|8|6|5|9|20|12,8|16
家,places,地點,16,16,8,216,86|79|78|79|80|78|81|106|90,32|28|14|14|15|20|24|42|27,37|35|18|18|19|26|30|40|30,8|16
公園,places,地點,16,16,8.080448065173115,133,86|79|78|79|80|78|81|106|90,21|25|10|13|5|10|8|21|20,24|32|13|16|6|13|10|20|22,8|16
房子,places,地點,16,16,16,78,86|79|78|79|80|78|81|106|90,11|15|4|6|2|6|7|13|14,13|19|5|8|2|8|9|12|16,8|16
等一下,time_words,時間詞,16,8,8,340,86|79|78|79|80|78|81|106|90,43|55|31|27|28|29|29|54|44,50|70|40|34|35|37|36|51|49,8|16
完了(結束的意思),time_words,時間詞,16,8.44950213371266,8,290,86|79|78|79|80|78|81|106|90,39|44|19|14|17|29|31|56|41,45|56|24|18|21|37|38|53|46,8|16
晚上,time_words,時間詞,16,16,8.55984251968504,127,86|79|78|79|80|78|81|106|90,17|23|8|12|3|11|9|26|18,20|29|10|15|4|14|11|25|20,8|16
開始,time_words,時間詞,16,16,16,102,86|79|78|79|80|78|81|106|90,15|18|6|8|4|8|5|20|18,17|23|8|10|5|10|6|19|20,8|16
哪裡？,question_words,疑問詞,16,16,8,230,86|79|78|79|80|78|81|106|90,35|30|13|14|17|26|21|40|34,41|38|17|18|21|33|26|38|38,8|16
誰？,question_words,疑問詞,16,16,8,201,86|79|78|79|80|78|81|106|90,31|27|17|12|12|24|14|32|32,36|34|22|15|15|31|17|30|36,8|16
咦？,question_words,疑問詞,16,16,8,222,86|79|78|79|80|78|81|106|90,29|25|16|17|15|23|19|38|40,34|32|21|22|19|29|23|36|44,8|16
什麼？,question_words,疑問詞,16,16,16,101,86|79|78|79|80|78|81|106|90,16|15|8|5|3|9|3|24|18,19|19|10|6|4|12|4|23|20,8|16
哪一個？,question_words,疑問詞,16,16,16,115,86|79|78|79|80|78|81|106|90,18|19|9|7|5|11|5|21|20,21|24|12|9|6|14|6|20|22,8|16
怎麼(辦)？,question_words,疑問詞,16,16,16,106,86|79|78|79|80|78|81|106|90,13|18|9|10|9|9|10|17|11,15|23|12|13|11|12|12|16|12,8|16
